bodyId_pre,bodyId_post,roi_pre,roi_post,x_pre,y_pre,z_pre,x_post,y_post,z_post,confidence_pre,confidence_post
1131836121,1446234552,FB,FB,26945,19787,17791,26953,19801,17783,0.565,0.448661
1131836121,1446234552,FB,FB,20664,22562,21488,20670,22563,21502,0.747,0.891
1131836121,1446234552,FB,FB,28348,19275,19317,28353,19266,19329,0.902,0.658381
1131836121,1446234552,FB,FB,28028,19221,18701,28016,19233,18686,0.913,0.83915
1131836121,1446234552,FB,FB,21865,24546,21798,21888,24537,21804,0.889,0.971857
1131836121,1446234552,FB,FB,21872,24432,21817,21857,24430,21822,0.942,0.734528
1131836121,1446234552,FB,FB,20774,23938,21806,20762,23956,21815,0.851,0.824212
1131836121,1446234552,FB,FB,20349,23113,22013,20344,23118,22005,0.861,0.785814
1131836121,1446234552,FB,FB,28356,19299,19421,28361,19288,19408,0.964,0.944874
1131836121,1446234552,FB,FB,21927,24289,21770,21914,24296,21779,0.954,0.881264
1131836121,1446234552,FB,FB,27033,19651,17717,27045,19674,17722,0.956,0.714453
1131836121,1446234552,FB,FB,27489,20961,19410,27499,20979,19410,0.903,0.81982
1131836121,5813048182,FB,FB,31772,22610,22379,31767,22605,22360,0.948,0.733142
1131836121,5813048182,FB,FB,32233,23289,22346,32232,23281,22331,0.907,0.737852
1131836121,5813048182,FB,FB,25633,20141,17650,25620,20139,17625,0.828,0.652685
1131836121,5813048182,FB,FB,30453,23793,21448,30471,23791,21433,0.96,0.925832
1131836121,5813048182,FB,FB,25920,18606,16686,25907,18616,16687,0.951,0.92853
1131836121,5813048182,FB,FB,24867,18346,17065,24859,18337,17064,0.899,0.910777
1131836121,5813048182,FB,FB,25699,20942,18287,25694,20952,18295,0.947,0.867341
1131836121,5813048182,FB,FB,24910,18381,17381,24914,18396,17391,0.957,0.856065
1131836121,5813048182,FB,FB,32031,23220,22486,32039,23224,22467,0.944,0.811701
1131836121,5813048182,FB,FB,25655,20713,17892,25649,20700,17901,0.627,0.974
1131836121,5813048182,FB,FB,31232,23877,21303,31230,23882,21317,0.832,0.900279
1131836121,5813048182,FB,FB,24671,19352,18375,24664,19354,18394,0.875,0.89167
1131836121,5813048182,FB,FB,30545,23857,21477,30567,23871,21484,0.991,0.956024
1131836121,5813048182,FB,FB,30002,23623,21156,29989,23629,21153,0.831,0.951432
1131836121,5813048182,FB,FB,31084,24271,22294,31089,24274,22306,0.689,0.457945
1131836121,5813048182,FB,FB,31112,24288,22310,31105,24289,22317,0.819,0.448412
1131836121,5813048182,FB,FB,25976,20915,19081,25996,20918,19069,0.939,0.40552
1131836121,818796911,FB,FB,22236,23372,21437,22236,23388,21446,0.537,0.427897
1131836121,818796911,FB,FB,27767,21712,19774,27765,21714,19762,0.694,0.776
1131836121,818796911,FB,FB,28028,19221,18701,28015,19216,18710,0.913,0.866955
1131836121,818796911,FB,FB,27168,19361,18025,27180,19348,18033,0.789,0.974
1131836121,818796911,FB,FB,28073,19965,19078,28075,19975,19097,0.848,0.893758
1131836121,818796911,FB,FB,27567,21994,19909,27534,21979,19900,0.958,0.790678
1131836121,818796911,FB,FB,27306,20187,19001,27304,20209,19008,0.98,0.890471
1131836121,818796911,FB,FB,27209,20211,19002,27220,20217,18995,0.952,0.823853
1131836121,818796911,FB,FB,27869,19189,17905,27874,19179,17915,0.729,0.407033
1131836121,818796911,FB,FB,28337,19742,19094,28331,19748,19106,0.922,0.713172
1131836121,818796911,FB,FB,22884,21986,20480,22891,21983,20488,0.965,0.814932
1131836121,818796911,FB,FB,27839,19014,17885,27834,19010,17895,0.96,0.946556
1131836121,818796911,FB,FB,22849,22547,20289,22852,22537,20299,0.907,0.934266
1131836121,818796911,FB,FB,23302,22714,20779,23291,22705,20789,0.966,0.889851
1131836121,818796911,FB,FB,28630,21010,18753,28624,21008,18739,0.904,0.9242
1131836121,818796911,FB,FB,27532,21199,19311,27537,21180,19308,0.962,0.898419
1131836121,818796911,FB,FB,27627,20055,18828,27625,20041,18834,0.953,0.944507
1131836121,818796911,FB,FB,27691,20066,18605,27700,20069,18610,0.895,0.659639
1131836121,818796911,FB,FB,27212,21808,19833,27237,21822,19843,0.938,0.862526
1131836121,818796911,FB,FB,23250,22492,20577,23237,22489,20564,0.93,0.96856
1131836121,818796911,FB,FB,21801,21376,20865,21807,21380,20854,0.955,0.971113
1131836121,818796911,FB,FB,27041,19355,18326,27036,19362,18332,0.96,0.955957
1131836121,664978073,FB,FB,22100,20321,20052,22100,20328,20032,0.96,0.955075
1131836121,664978073,FB,FB,22327,20855,19644,22327,20843,19650,0.826,0.942538
1131836121,664978073,FB,FB,21616,19934,20023,21615,19926,20030,0.844,0.848666
1131836121,664978073,FB,FB,21952,21163,20635,21969,21172,20623,0.907,0.928626
1131836121,664978073,FB,FB,22503,21606,18726,22486,21600,18723,0.955,0.876362
1131836121,664978073,FB,FB,21843,19735,20188,21843,19747,20183,0.553,0.434139
1131836121,664978073,FB,FB,27583,20808,19404,27592,20814,19400,0.939,0.787747
1131836121,664978073,FB,FB,22391,20805,19646,22376,20799,19648,0.768,0.973
1131836121,664978073,FB,FB,28175,19989,19101,28174,19985,19115,0.876,0.941399
1131836121,664978073,FB,FB,23668,21541,19607,23657,21549,19619,0.748,0.997
1131836121,664978073,FB,FB,21727,19819,20134,21717,19817,20127,0.936,0.99096
1131836121,664978073,FB,FB,29110,19629,19696,29120,19642,19693,0.673,0.420336
1131836121,664978073,FB,FB,28251,20026,19049,28268,20033,19052,0.97,0.851623
1131836121,664978073,FB,FB,23035,22656,20258,23048,22663,20264,0.842,0.967459
1131836121,664978073,FB,FB,22849,22547,20289,22861,22549,20290,0.907,0.931573
1131836121,664978073,FB,FB,23302,22714,20779,23302,22720,20789,0.966,0.888914
1131836121,664978073,FB,FB,22324,21475,20587,22307,21481,20572,0.819,0.763012
1131836121,664978073,FB,FB,28630,21010,18753,28615,21019,18750,0.904,0.965864
1131836121,664978073,FB,FB,22397,21557,18968,22424,21565,18977,0.958,0.794028
1131836121,664978073,FB,FB,22874,21885,20401,22866,21880,20404,0.839,0.875398
1131836121,664978073,FB,FB,28473,22011,20289,28486,22016,20299,0.831,0.855745
1131836121,664978073,FB,FB,28802,19505,19818,28812,19505,19832,0.939,0.983861
1131836121,664978073,FB,FB,23250,22492,20577,23251,22488,20564,0.93,0.991298
1131836121,664978073,FB,FB,28979,20188,19873,28994,20199,19873,0.948,0.774573
1131836121,664978073,FB,FB,22417,21618,18903,22421,21630,18909,0.864,0.835
1131836121,664978073,FB,FB,28471,20818,19702,28471,20810,19707,0.911,0.903379
1131836121,941840616,FB,FB,23870,20873,18944,23856,20887,18945,0.991,0.964972
1131836121,941840616,FB,FB,23898,20826,19052,23888,20819,19033,0.991,0.983546
1131836121,941840616,FB,FB,22782,18731,19422,22782,18764,19439,0.978,0.73513
1131836121,941840616,FB,FB,30637,21921,20422,30639,21928,20429,0.953,0.663782
1131836121,941840616,FB,FB,23878,20959,18852,23892,20967,18863,0.996,0.952502
1131836121,941840616,FB,FB,24135,19506,18829,24127,19527,18832,0.96,0.866248
1131836121,941840616,FB,FB,23977,21491,19613,23978,21499,19616,0.982,0.92531
1131836121,941840616,FB,FB,23046,18689,19372,23042,18706,19374,0.966,0.936446
1131836121,941840616,FB,FB,23559,20563,18609,23565,20573,18612,0.906,0.887327
1131836121,941840616,FB,FB,24767,21953,19713,24755,21949,19704,0.906,0.886729
1131836121,941840616,FB,FB,28960,22976,20648,28969,22959,20648,0.966,0.746064
1131836121,941840616,FB,FB,30448,22228,21108,30461,22220,21106,0.978,0.863554
1131836121,941840616,FB,FB,29410,22237,20279,29391,22236,20269,0.977,0.799118
1131836121,941840616,FB,FB,23704,20973,18578,23687,20979,18594,0.997,0.94276
1131836121,941840616,FB,FB,30005,22252,20252,30000,22258,20254,0.945,0.973262
1131836121,941840616,FB,FB,23716,20972,18516,23710,20954,18515,0.992,0.975306
1131836121,941840616,FB,FB,23806,20950,18633,23813,20929,18654,0.983,0.750891
1131836121,941840616,FB,FB,23774,20678,18637,23768,20681,18629,0.987,0.842804
1131836121,941840616,FB,FB,23732,21037,18494,23723,21058,18519,0.993,0.46185672
1131836121,941840616,FB,FB,23014,18326,18962,23003,18323,18935,0.96,0.901685
1131836121,941840616,FB,FB,23882,21070,18672,23870,21087,18674,0.989,0.886658
1131836121,941840616,FB,FB,30201,23090,20509,30211,23107,20510,0.713,0.417972
1131836121,941840616,FB,FB,30920,21365,20913,30903,21358,20920,0.674,0.964
1131836121,941840616,FB,FB,30885,21357,20901,30899,21350,20907,0.815,0.903571
1131836121,941840616,FB,FB,30055,21906,20652,30058,21915,20669,0.985,0.633177
1131836121,941840616,FB,FB,30152,23038,20475,30161,23054,20467,0.977,0.837846
1131836121,1100788127,FB,FB,32199,23192,22303,32206,23184,22292,0.892,0.832345
1131836121,1100788127,FB,FB,24578,18954,17449,24569,18971,17440,0.822,0.389393
1131836121,1100788127,FB,FB,25651,21083,18251,25645,21064,18263,0.867,0.908608
1131836121,1100788127,FB,FB,32233,23289,22346,32248,23309,22343,0.907,0.891376
1131836121,1100788127,FB,FB,25633,20141,17650,25634,20125,17643,0.828,0.998466
1131836121,1100788127,FB,FB,29390,23893,21670,29388,23900,21690,0.928,0.870861
1131836121,1100788127,FB,FB,24681,18696,16748,24678,18698,16737,0.883,0.942304
1131836121,1100788127,FB,FB,24867,18346,17065,24854,18351,17064,0.899,0.726395
1131836121,1100788127,FB,FB,31098,23688,21604,31106,23689,21613,0.95,0.995149
1131836121,1100788127,FB,FB,24668,18629,16769,24667,18617,16770,0.954,0.670545
1131836121,1100788127,FB,FB,25896,20623,18744,25898,20636,18753,0.903,0.9277
1131836121,1100788127,FB,FB,32031,23220,22486,32034,23214,22499,0.944,0.998962
1131836121,1100788127,FB,FB,31232,23877,21303,31244,23874,21317,0.832,0.933702
1131836121,1100788127,FB,FB,25335,21377,19362,25346,21381,19345,0.937,0.964708
1131836121,1100788127,FB,FB,26148,21105,19298,26144,21113,19287,0.977,0.984044
1131836121,1100788127,FB,FB,25406,18626,17114,25423,18616,17109,0.725,0.797
1131836121,1100788127,FB,FB,30545,23857,21477,30562,23828,21466,0.991,0.314763
1131836121,1100788127,FB,FB,31293,23884,22014,31285,23892,22015,0.988,0.46030045
1131836121,1100788127,FB,FB,31053,24447,22300,31053,24440,22288,0.972,0.863053
1131836121,1100788127,FB,FB,24761,19059,18179,24771,19057,18171,0.891,0.826479
1131836121,1100788127,FB,FB,30833,24465,22058,30841,24459,22052,0.877,0.866773
1131836121,1100788127,FB,FB,30830,24372,22082,30820,24359,22071,0.694,0.936
1131836121,1100788127,FB,FB,31084,24271,22294,31079,24265,22300,0.689,0.336149
1131836121,1100788127,FB,FB,31112,24288,22310,31097,24255,22316,0.819,0.203764
1131836121,1100788127,FB,FB,24323,18912,17246,24308,18897,17258,0.931,0.72194
1131836121,1100788127,FB,FB,24856,20685,19260,24853,20693,19246,0.929,0.973606
1131836121,1100788127,FB,FB,29376,23909,21542,29386,23919,21544,0.902,0.953076
1131836121,1100788127,FB,FB,25787,21446,18559,25782,21450,18550,0.844,0.962967
1131836121,1100788127,FB,FB,25800,21396,18534,25809,21396,18532,0.883,0.904237
1131836121,1100788127,FB,FB,25148,18676,17153,25136,18661,17149,0.974,0.694123
1131836121,1384277275,FB,FB,32199,23192,22303,32197,23193,22292,0.892,0.852294
1131836121,1384277275,FB,FB,24179,20410,19025,24202,20414,19023,0.982,0.582931
1131836121,1384277275,FB,FB,24796,20745,19054,24807,20731,19054,0.957,0.974564
1131836121,1384277275,FB,FB,24776,21852,19908,24779,21844,19916,0.893,0.970776
1131836121,1384277275,FB,FB,32233,23289,22346,32234,23293,22331,0.907,0.711871
1131836121,1384277275,FB,FB,31826,22653,22388,31837,22672,22397,0.936,0.302722
1131836121,1384277275,FB,FB,30453,23793,21448,30459,23783,21451,0.96,0.79624
1131836121,1384277275,FB,FB,31772,22610,22379,31767,22624,22381,0.948,0.348268
1131836121,1384277275,FB,FB,24681,18696,16748,24688,18688,16737,0.883,0.950857
1131836121,1384277275,FB,FB,30187,23228,20309,30172,23229,20309,0.912,0.96872
1131836121,1384277275,FB,FB,24668,18629,16769,24669,18618,16757,0.954,0.628411
1131836121,1384277275,FB,FB,25315,21426,19438,25328,21432,19448,0.694,0.823
1131836121,1384277275,FB,FB,24951,21764,20069,24957,21747,20072,0.92,0.696109
1131836121,1384277275,FB,FB,24775,19284,17995,24787,19273,17995,0.955,0.893174
1131836121,1384277275,FB,FB,31232,23877,21303,31248,23877,21298,0.832,0.842141
1131836121,1384277275,FB,FB,30096,23681,21190,30109,23687,21171,0.972,0.759598
1131836121,1384277275,FB,FB,30002,23623,21156,29997,23640,21153,0.831,0.828812
1131836121,1384277275,FB,FB,31009,23401,21217,30999,23395,21209,0.685,0.961
1131836121,1384277275,FB,FB,24856,20685,19260,24869,20689,19266,0.929,0.974826
1131836121,1384277275,FB,FB,30920,21365,20913,30941,21354,20920,0.674,0.856
1131836121,1384277275,FB,FB,30885,21357,20901,30915,21361,20931,0.815,0.367907
1131836121,1384277275,FB,FB,24834,18288,17215,24834,18274,17210,0.947,0.950096
1131836121,1384277275,FB,FB,24310,20521,19081,24311,20501,19067,0.918,0.62013
1131836121,1067331159,FB,FB,29925,20951,19935,29935,20926,19922,0.549,0.40544
1131836121,1067331159,FB,FB,23870,20873,18944,23860,20856,18938,0.991,0.905247
1131836121,1067331159,FB,FB,30301,21323,20359,30296,21333,20362,0.987,0.934548
1131836121,1067331159,FB,FB,23898,20826,19052,23882,20832,19063,0.991,0.88415
1131836121,1067331159,FB,FB,23690,21562,19574,23688,21569,19584,0.809,0.999
1131836121,1067331159,FB,FB,29477,21067,19814,29486,21063,19826,0.829,0.83806
1131836121,1067331159,FB,FB,24226,21635,20051,24222,21624,20054,0.898,0.754112
1131836121,1067331159,FB,FB,23668,21541,19607,23683,21553,19600,0.748,0.953
1131836121,1067331159,FB,FB,22782,18731,19422,22799,18729,19430,0.978,0.721546
1131836121,1067331159,FB,FB,29843,21017,19989,29841,21017,19998,0.98,0.948497
1131836121,1067331159,FB,FB,21312,19851,19890,21320,19859,19881,0.901,0.682735
1131836121,1067331159,FB,FB,29606,22312,20383,29618,22307,20390,0.964,0.851199
1131836121,1067331159,FB,FB,31489,20745,19495,31482,20734,19466,0.976,0.630256
1131836121,1067331159,FB,FB,28917,22731,20442,28897,22715,20441,0.51,0.433716
1131836121,1067331159,FB,FB,29141,21566,20118,29153,21561,20127,0.925,0.994889
1131836121,1067331159,FB,FB,29454,20881,19817,29456,20890,19827,0.871,0.918127
1131836121,1067331159,FB,FB,29117,21549,20205,29106,21540,20209,0.866,0.944067
1131836121,1067331159,FB,FB,22938,20279,18342,22942,20282,18355,0.904,0.973348
1131836121,1067331159,FB,FB,23284,20052,18540,23293,20056,18525,0.934,0.898136
1131836121,1067331159,FB,FB,22660,18805,19318,22667,18812,19312,0.983,0.893874
1131836121,1067331159,FB,FB,29810,22238,20507,29823,22249,20492,0.954,0.725753
1131836121,1067331159,FB,FB,30005,22252,20252,30000,22251,20236,0.945,0.956044
1131836121,1067331159,FB,FB,24132,21373,19526,24149,21371,19536,0.694,0.721
1131836121,1067331159,FB,FB,23525,20212,18450,23562,20174,18446,0.99,0.895218
1131836121,1067331159,FB,FB,30487,21336,20434,30476,21336,20424,0.9,0.851802
1131836121,1067331159,FB,FB,23894,20943,19118,23882,20942,19096,0.985,0.833169
1131836121,1413813658,FB,FB,25274,18768,17064,25272,18775,17051,0.944,0.971909
1131836121,1413813658,FB,FB,19809,24020,22555,19803,24022,22539,0.79,0.692
1131836121,1413813658,FB,FB,27493,18802,17827,27478,18796,17849,0.631,0.924
1131836121,1413813658,FB,FB,25920,18606,16686,25911,18591,16687,0.951,0.988213
1131836121,1413813658,FB,FB,20314,23827,22631,20315,23830,22618,0.883,0.83729
1131836121,1413813658,FB,FB,20774,23938,21806,20784,23940,21819,0.851,0.976369
1131836121,1413813658,FB,FB,25943,18545,17008,25937,18537,16984,0.865,0.817845
1131836121,1413813658,FB,FB,25351,18838,17183,25359,18840,17192,0.967,0.947329
1131836121,1413813658,FB,FB,27446,18778,17597,27447,18766,17589,0.9,0.927536
1131836121,1413813658,FB,FB,20456,22406,22000,20444,22403,21993,0.952,0.769004
1131836121,1413813658,FB,FB,20217,22611,21723,20223,22614,21707,0.837,0.70747
1131836121,1413813658,FB,FB,20349,23113,22013,20360,23116,22005,0.861,0.858195
1131836121,1413813658,FB,FB,21589,24445,22260,21609,24448,22251,0.859,0.358783
1131836121,1413813658,FB,FB,27176,19564,17731,27188,19592,17706,0.981,0.47736
1131836121,1413813658,FB,FB,22066,23649,21481,22064,23662,21490,0.725,0.879
1131836121,1413813658,FB,FB,20117,24246,22824,20116,24233,22823,0.824,0.991
1131836121,1413813658,FB,FB,27123,19372,18212,27131,19388,18232,0.937,0.773868
1131836121,1413813658,FB,FB,27143,19448,17817,27151,19443,17830,0.897,0.924974
1131836121,1413813658,FB,FB,19906,22857,21550,19918,22842,21553,0.889,0.993462
1131836121,1413813658,FB,FB,22039,23694,21508,22056,23692,21502,0.771,0.87
1131836121,1413813658,FB,FB,25987,19069,17087,25969,19064,17090,0.972,0.993113
1131836121,1413813658,FB,FB,21466,23613,21510,21486,23628,21517,0.884,0.620982
1131836121,1413813658,FB,FB,25957,19083,17114,25968,19068,17114,0.862,0.872944
1131836121,1257283316,FB,FB,22327,20855,19644,22316,20845,19638,0.826,0.97587
1131836121,1257283316,FB,FB,21952,21163,20635,21955,21144,20636,0.907,0.97083
1131836121,1257283316,FB,FB,28401,20372,19255,28395,20370,19246,0.93,0.991334
1131836121,1257283316,FB,FB,29610,20675,19669,29612,20668,19653,0.936,0.796967
1131836121,1257283316,FB,FB,22817,21591,20096,22815,21585,20083,0.955,0.982415
1131836121,1257283316,FB,FB,23409,21342,19847,23416,21332,19839,0.707,0.903
1131836121,1257283316,FB,FB,29018,19518,19666,29027,19508,19670,0.89,0.958311
1131836121,1257283316,FB,FB,21502,20580,21128,21493,20578,21128,0.988,0.995182
1131836121,1257283316,FB,FB,22849,22547,20289,22844,22551,20299,0.907,0.92365
1131836121,1257283316,FB,FB,22263,22116,20815,22259,22116,20829,0.592,0.497612
1131836121,1257283316,FB,FB,21782,19854,20188,21793,19862,20202,0.943,0.841052
1131836121,1257283316,FB,FB,22884,21986,20480,22915,22002,20471,0.965,0.52277
1131836121,1257283316,FB,FB,22324,21475,20587,22321,21491,20572,0.819,0.738711
1131836121,1257283316,FB,FB,28644,21150,19822,28640,21161,19824,0.962,0.982449
1131836121,1257283316,FB,FB,28644,20626,18822,28637,20617,18817,0.938,0.971875
1131836121,1257283316,FB,FB,22921,22627,20254,22913,22634,20258,0.956,0.988417
1131836121,1257283316,FB,FB,29512,20333,19601,29504,20344,19588,0.907,0.822316
1131836121,1257283316,FB,FB,22324,22150,20901,22307,22143,20898,0.937,0.942222
1131836121,1257283316,FB,FB,22397,21557,18968,22388,21558,18977,0.958,0.991084
1131836121,1257283316,FB,FB,29454,20881,19817,29448,20879,19827,0.871,0.987196
1131836121,1257283316,FB,FB,22874,21885,20401,22882,21885,20413,0.839,0.978111
1131836121,1257283316,FB,FB,29533,20287,19595,29555,20281,19576,0.857,0.834464
1131836121,1257283316,FB,FB,29551,20412,19526,29560,20400,19517,0.842,0.989207
1131836121,1257283316,FB,FB,21489,21100,20980,21484,21078,20982,0.866,0.48943
1131836121,1257283316,FB,FB,21567,20800,21126,21561,20790,21130,0.813,0.881
1131836121,1257283316,FB,FB,29081,19770,19678,29072,19792,19677,0.794,0.767
1131836121,1257283316,FB,FB,21525,21199,21069,21517,21199,21078,0.986,0.993717
1131836121,1257283316,FB,FB,22033,20267,20007,22048,20267,20008,0.822,0.975656
1131836121,1257283316,FB,FB,21701,21201,21108,21684,21192,21097,0.865,0.717
1131836121,1257283316,FB,FB,29530,20907,19891,29501,20890,19895,0.605,0.418
1131836121,1257283316,FB,FB,28936,19521,19900,28941,19524,19888,0.927,0.917472
1131836121,1257283316,FB,FB,28979,20188,19873,28985,20188,19882,0.948,0.946777
1131836121,1192606191,FB,FB,29925,20951,19935,29909,20954,19899,0.549,0.43127
1131836121,1192606191,FB,FB,23690,21562,19574,23697,21577,19572,0.809,0.999
1131836121,1192606191,FB,FB,22236,20893,19635,22213,20893,19656,0.97,0.617851
1131836121,1192606191,FB,FB,23461,21312,19899,23466,21317,19913,0.961,0.979643
1131836121,1192606191,FB,FB,23410,20459,19598,23430,20471,19597,0.97,0.783933
1131836121,1192606191,FB,FB,22782,18731,19422,22785,18735,19430,0.978,0.977376
1131836121,1192606191,FB,FB,22778,18966,19285,22801,18949,19294,0.97,0.570069
1131836121,1192606191,FB,FB,22908,18422,18940,22927,18437,18932,0.736,0.73
1131836121,1192606191,FB,FB,23529,21392,19796,23518,21390,19818,0.749,0.517
1131836121,1192606191,FB,FB,24423,21474,19406,24405,21481,19414,0.963,0.965661
1131836121,1192606191,FB,FB,23881,20341,19527,23876,20348,19515,0.994,0.88678
1131836121,1192606191,FB,FB,29117,21155,19804,29132,21159,19792,0.758,0.9
1131836121,1192606191,FB,FB,29141,21566,20118,29129,21571,20127,0.925,0.938319
1131836121,1192606191,FB,FB,31098,21453,20872,31098,21435,20870,0.671,0.908
1131836121,1192606191,FB,FB,22938,20279,18342,22933,20287,18348,0.904,0.991738
1131836121,1192606191,FB,FB,30764,21363,20939,30784,21347,20936,0.899,0.439617
1131836121,1192606191,FB,FB,23801,20452,19441,23817,20454,19452,0.908,0.958204
1131836121,1192606191,FB,FB,23559,20563,18609,23556,20566,18620,0.906,0.96137
1131836121,1192606191,FB,FB,23475,20529,18470,23465,20536,18465,0.931,0.939159
1131836121,1192606191,FB,FB,22809,19354,19302,22807,19363,19310,0.94,0.78936
1131836121,1192606191,FB,FB,22660,18805,19318,22664,18813,19329,0.983,0.989455
1131836121,1192606191,FB,FB,29387,22248,20483,29369,22253,20492,0.961,0.617211
1131836121,1192606191,FB,FB,29810,22238,20507,29810,22255,20528,0.954,0.94226
1131836121,1192606191,FB,FB,29410,22237,20279,29398,22243,20284,0.977,0.866605
1131836121,1192606191,FB,FB,23704,20973,18578,23717,20963,18594,0.997,0.975943
1131836121,1192606191,FB,FB,23716,20972,18516,23697,20955,18501,0.992,0.729998
1131836121,1192606191,FB,FB,23806,20950,18633,23788,20956,18640,0.983,0.951873
1131836121,1192606191,FB,FB,23014,18326,18962,23000,18345,18964,0.96,0.787476
1131836121,1192606191,FB,FB,22844,19344,19255,22861,19357,19239,0.912,0.924696
1131836121,1192606191,FB,FB,22775,18897,19281,22772,18905,19290,0.633,0.993
1131836121,1192606191,FB,FB,22840,18900,19306,22836,18903,19315,0.931,0.951398
1131836121,1192606191,FB,FB,23926,20974,19171,23896,20984,19182,0.997,0.73504
1131836121,1192606191,FB,FB,22910,19394,19245,22899,19393,19234,0.821,0.994
1131836121,1132150724,FB,FB,24068,20385,19021,24065,20400,19006,0.891,0.49649
1131836121,1132150724,FB,FB,30858,22394,21344,30846,22370,21348,0.804,0.357193
1131836121,1132150724,FB,FB,23870,20873,18944,23870,20849,18945,0.991,0.993263
1131836121,1132150724,FB,FB,23898,20826,19052,23887,20808,19063,0.991,0.895109
1131836121,1132150724,FB,FB,24973,21751,20000,24987,21753,20006,0.972,0.834428
1131836121,1132150724,FB,FB,30187,23228,20309,30186,23231,20324,0.912,0.813569
1131836121,1132150724,FB,FB,24184,18514,18520,24199,18494,18522,0.899,0.534174
1131836121,1132150724,FB,FB,24951,21764,20069,24955,21753,20056,0.92,0.631011
1131836121,1132150724,FB,FB,24538,19425,18537,24518,19416,18532,0.577,0.443287
1131836121,1132150724,FB,FB,24671,19352,18375,24667,19341,18377,0.875,0.988248
1131836121,1132150724,FB,FB,24135,19506,18829,24123,19506,18832,0.96,0.90388
1131836121,1132150724,FB,FB,24010,19083,16761,23995,19078,16764,0.945,0.310876
1131836121,1132150724,FB,FB,24627,21764,19536,24626,21758,19517,0.933,0.84723
1131836121,1132150724,FB,FB,25423,21408,19177,25417,21402,19162,0.944,0.854872
1131836121,1132150724,FB,FB,25153,21423,19594,25151,21400,19608,0.95,0.40869
1131836121,1132150724,FB,FB,30096,23681,21190,30097,23684,21179,0.972,0.970196
1131836121,1132150724,FB,FB,30002,23623,21156,30002,23617,21169,0.831,0.896815
1131836121,1132150724,FB,FB,24761,19059,18179,24765,19059,18161,0.891,0.788441
1131836121,1132150724,FB,FB,23773,20675,18779,23755,20670,18782,0.977,0.983919
1131836121,1132150724,FB,FB,30712,22752,21142,30724,22748,21136,0.987,0.999063
1131836121,1132150724,FB,FB,30339,23009,20610,30344,23003,20617,0.952,0.989974
1131836121,1132150724,FB,FB,23716,20972,18516,23724,20952,18515,0.992,0.860734
1131836121,1132150724,FB,FB,23806,20950,18633,23802,20932,18640,0.983,0.968638
1131836121,1132150724,FB,FB,23732,21037,18494,23735,21058,18494,0.993,0.991065
1131836121,1132150724,FB,FB,23014,18326,18962,23022,18333,18947,0.96,0.540442
1131836121,1132150724,FB,FB,23882,21070,18672,23882,21070,18653,0.989,0.985684
1131836121,1132150724,FB,FB,24107,19276,17705,24119,19277,17696,0.947,0.786624
1131836121,1132150724,FB,FB,23861,20711,19103,23860,20722,19109,0.971,0.990205
1131836121,1132150724,FB,FB,30055,21906,20652,30054,21893,20654,0.985,0.833619
1131836121,1132150724,FB,FB,23525,20212,18450,23531,20196,18446,0.99,0.9369
1131836121,1132150724,FB,FB,30152,23038,20475,30138,23027,20467,0.977,0.995532
1131836121,1132150724,FB,FB,23894,20943,19118,23884,20958,19124,0.985,0.91853
1131836121,1132150724,FB,FB,24310,20521,19081,24310,20521,19067,0.918,0.891113
1131836121,1132150724,FB,FB,30580,23556,21284,30590,23544,21289,0.993,0.972865
1131836121,1159403919,FB,FB,22100,20321,20052,22127,20333,20032,0.96,0.640418
1131836121,1159403919,FB,FB,22327,20855,19644,22312,20863,19650,0.826,0.985981
1131836121,1159403919,FB,FB,29477,21067,19814,29463,21067,19814,0.829,0.974023
1131836121,1159403919,FB,FB,29200,19095,19437,29223,19088,19438,0.886,0.867705
1131836121,1159403919,FB,FB,29948,20551,19887,29948,20557,19874,0.97,0.787472
1131836121,1159403919,FB,FB,21580,21204,21022,21592,21193,21026,0.696,0.885
1131836121,1159403919,FB,FB,22391,20805,19646,22377,20781,19608,0.768,0.945
1131836121,1159403919,FB,FB,22817,21591,20096,22828,21594,20083,0.955,0.982165
1131836121,1159403919,FB,FB,22236,20893,19635,22232,20876,19619,0.97,0.877018
1131836121,1159403919,FB,FB,22921,22627,20254,22930,22621,20270,0.956,0.898812
1131836121,1159403919,FB,FB,23461,21312,19899,23488,21305,19904,0.961,0.88705
1131836121,1159403919,FB,FB,28073,19965,19078,28060,19976,19097,0.848,0.837438
1131836121,1159403919,FB,FB,22018,20376,19923,22019,20390,19938,0.979,0.832809
1131836121,1159403919,FB,FB,22729,21681,20054,22722,21694,20055,0.973,0.45070258
1131836121,1159403919,FB,FB,22857,21739,20242,22891,21727,20237,0.993,0.982083
1131836121,1159403919,FB,FB,29018,19518,19666,29020,19519,19651,0.89,0.871416
1131836121,1159403919,FB,FB,28337,19742,19094,28344,19745,19106,0.922,0.883761
1131836121,1159403919,FB,FB,22884,21986,20480,22876,21977,20493,0.965,0.892089
1131836121,1159403919,FB,FB,21982,20255,19957,21972,20260,19947,0.954,0.961226
1131836121,1159403919,FB,FB,22397,21557,18968,22405,21565,18977,0.958,0.999842
1131836121,1159403919,FB,FB,22874,21885,20401,22856,21894,20404,0.839,0.892352
1131836121,1159403919,FB,FB,29533,20287,19595,29533,20271,19574,0.857,0.885084
1131836121,1159403919,FB,FB,22308,21112,19569,22319,21123,19571,0.972,0.862171
1131836121,1159403919,FB,FB,28802,19505,19818,28825,19526,19806,0.939,0.705411
1131836121,1159403919,FB,FB,22837,22008,20355,22822,21999,20350,0.638,0.934
1131836121,1159403919,FB,FB,21783,21017,20913,21787,21030,20918,0.895,0.942685
1131836121,1159403919,FB,FB,29940,20653,19906,29952,20646,19896,0.983,0.923159
1131836121,1159403919,FB,FB,28471,20818,19702,28461,20820,19707,0.911,0.93215
1131836121,1159403919,FB,FB,27755,21798,19795,27759,21806,19782,0.855,0.820765
1131836121,1159403919,FB,FB,22417,21618,18903,22424,21628,18896,0.864,0.94
1131836121,786994048,FB,FB,21616,19934,20023,21623,19937,20030,0.844,0.997966
1131836121,786994048,FB,FB,22100,20321,20052,22103,20331,20049,0.96,0.99147
1131836121,786994048,FB,FB,21932,22324,21001,21925,22335,21001,0.98,0.813638
1131836121,786994048,FB,FB,22503,21606,18726,22511,21589,18723,0.955,0.990493
1131836121,786994048,FB,FB,29948,20551,19887,29949,20527,19863,0.97,0.751592
1131836121,786994048,FB,FB,21843,19735,20188,21843,19744,20200,0.553,0.499906
1131836121,786994048,FB,FB,28497,20814,19615,28484,20818,19604,0.81,0.95
1131836121,786994048,FB,FB,29942,20513,19879,29942,20512,19858,0.954,0.860312
1131836121,786994048,FB,FB,22729,21681,20054,22738,21688,20060,0.973,0.93808
1131836121,786994048,FB,FB,22857,21739,20242,22869,21730,20237,0.993,0.776964
1131836121,786994048,FB,FB,21727,19819,20134,21720,19830,20146,0.936,0.907578
1131836121,786994048,FB,FB,22030,22606,21057,22037,22600,21072,0.972,0.92336
1131836121,786994048,FB,FB,29523,20419,19642,29550,20411,19667,0.87,0.529454
1131836121,786994048,FB,FB,22261,21393,20671,22255,21386,20679,0.968,0.915803
1131836121,786994048,FB,FB,21782,19854,20188,21761,19850,20185,0.943,0.902594
1131836121,786994048,FB,FB,21888,20549,19893,21876,20534,19889,0.823,0.956
1131836121,786994048,FB,FB,29454,20881,19817,29448,20890,19811,0.871,0.982446
1131836121,786994048,FB,FB,29546,20503,19775,29531,20476,19755,0.953,0.560314
1131836121,786994048,FB,FB,29551,20412,19526,29541,20409,19517,0.842,0.864077
1131836121,786994048,FB,FB,22520,21147,19403,22539,21151,19382,0.747,0.986
1131836121,786994048,FB,FB,21801,21376,20865,21777,21373,20865,0.955,0.60006
1131836121,786994048,FB,FB,29081,19770,19678,29065,19770,19677,0.794,0.793
1131836121,786994048,FB,FB,29940,20653,19906,29945,20639,19926,0.983,0.581511
1131836121,786994048,FB,FB,22033,20267,20007,22050,20251,20008,0.822,0.846933
1131836121,786994048,FB,FB,28471,20818,19702,28469,20812,19692,0.911,0.859197
1131836121,786994048,FB,FB,29581,20937,19865,29579,20932,19872,0.941,0.984351
1131836121,786994048,FB,FB,28936,19521,19900,28930,19518,19888,0.927,0.938325
1131836121,786994048,FB,FB,29530,20907,19891,29534,20888,19872,0.605,0.365
1131836121,786994048,FB,FB,29260,22302,19570,29249,22310,19575,0.604,0.848
1131836121,755950242,FB,FB,21616,19934,20023,21611,19937,20036,0.844,0.771477
1131836121,755950242,FB,FB,22333,22613,20975,22340,22590,20972,0.911,0.904805
1131836121,755950242,FB,FB,28022,19209,18765,28018,19205,18754,0.881,0.996073
1131836121,755950242,FB,FB,21557,20510,21068,21549,20514,21051,0.797,0.446774
1131836121,755950242,FB,FB,27767,21712,19774,27754,21711,19771,0.694,0.853
1131836121,755950242,FB,FB,28175,19989,19101,28160,19988,19106,0.876,0.904006
1131836121,755950242,FB,FB,21711,19840,20075,21716,19854,20066,0.953,0.94599
1131836121,755950242,FB,FB,28073,19965,19078,28073,19977,19084,0.848,0.993091
1131836121,755950242,FB,FB,23971,21503,19961,23960,21503,19961,0.997,0.899846
1131836121,755950242,FB,FB,22857,21739,20242,22865,21741,20230,0.993,0.892581
1131836121,755950242,FB,FB,22801,21960,19113,22807,21942,19109,0.807,0.472859
1131836121,755950242,FB,FB,27357,20131,18962,27375,20129,18961,0.779,0.627
1131836121,755950242,FB,FB,21502,20580,21128,21495,20585,21116,0.988,0.803981
1131836121,755950242,FB,FB,27306,20187,19001,27319,20189,19008,0.98,0.777268
1131836121,755950242,FB,FB,22261,21393,20671,22250,21423,20662,0.968,0.923343
1131836121,755950242,FB,FB,23302,22714,20779,23299,22737,20779,0.966,0.941642
1131836121,755950242,FB,FB,28337,19742,19094,28336,19757,19086,0.922,0.742635
1131836121,755950242,FB,FB,22884,21986,20480,22878,22006,20488,0.965,0.920264
1131836121,755950242,FB,FB,23035,22656,20258,23035,22668,20264,0.842,0.938476
1131836121,755950242,FB,FB,27056,22061,19798,27073,22071,19788,0.953,0.881177
1131836121,755950242,FB,FB,27043,22018,19805,27043,22014,19816,0.95,0.99485
1131836121,755950242,FB,FB,22324,21475,20587,22310,21480,20601,0.819,0.878746
1131836121,755950242,FB,FB,22921,22627,20254,22930,22638,20258,0.956,0.951645
1131836121,755950242,FB,FB,28772,19686,19791,28785,19686,19785,0.969,0.950141
1131836121,755950242,FB,FB,27457,21155,19518,27444,21160,19519,0.958,0.990459
1131836121,755950242,FB,FB,22837,22008,20355,22834,21988,20350,0.638,0.411
1131836121,755950242,FB,FB,22065,20779,19795,22079,20792,19824,0.981,0.896342
1131836121,755950242,FB,FB,21801,21376,20865,21803,21361,20854,0.955,0.726909
1131836121,755950242,FB,FB,22587,23099,20439,22579,23099,20422,0.927,0.958546
1131836121,755950242,FB,FB,22724,22507,20382,22734,22515,20390,0.796,0.79
1131836121,755950242,FB,FB,27314,21720,19824,27315,21733,19824,0.941,0.935436
1131836121,755950242,FB,FB,27755,21798,19795,27758,21788,19782,0.855,0.808659
1131836121,755950242,FB,FB,21803,21340,21049,21817,21328,21053,0.977,0.964327
1131836121,1129396529,FB,FB,29925,20951,19935,29947,20943,19940,0.549,0.484925
1131836121,1129396529,FB,FB,30551,21316,20482,30556,21319,20470,0.937,0.665311
1131836121,1129396529,FB,FB,23025,19877,19290,23043,19873,19289,0.917,0.835074
1131836121,1129396529,FB,FB,22770,19061,19296,22775,19061,19311,0.726,0.994
1131836121,1129396529,FB,FB,23061,19669,19283,23054,19683,19278,0.955,0.948794
1131836121,1129396529,FB,FB,23922,21263,19906,23920,21260,19886,0.955,0.984765
1131836121,1129396529,FB,FB,23881,20341,19527,23891,20350,19515,0.994,0.45078
1131836121,1129396529,FB,FB,23364,20142,19530,23363,20135,19518,0.838,0.973344
1131836121,1129396529,FB,FB,23231,18658,19396,23223,18672,19398,0.647,0.842
1131836121,1129396529,FB,FB,23806,20950,18633,23800,20974,18654,0.983,0.767466
1131836121,1129396529,FB,FB,23732,21037,18494,23730,21033,18527,0.993,0.924938
1131836121,1129396529,FB,FB,23861,20711,19103,23855,20707,19109,0.971,0.960821
1131836121,1129396529,FB,FB,23910,20721,19127,23906,20731,19127,0.993,0.982517
1131836121,1129396529,FB,FB,23556,21241,19849,23574,21234,19847,0.93,0.752704
1131836121,1129396529,FB,FB,23926,20974,19171,23931,20990,19182,0.997,0.991893
1131836121,1129396529,FB,FB,29973,20787,19936,29978,20789,19920,0.997,0.980366
1131836121,1129396529,FB,FB,23894,20943,19118,23889,20946,19136,0.985,0.939874
1131836121,1129396529,FB,FB,22910,19394,19245,22902,19406,19234,0.821,0.919
1131836121,1129396529,FB,FB,29260,22302,19570,29250,22288,19562,0.604,0.862
1131836121,850182049,FB,FB,23870,20873,18944,23851,20876,18924,0.991,0.45266044
1131836121,850182049,FB,FB,23898,20826,19052,23876,20823,19052,0.991,0.935461
1131836121,850182049,FB,FB,24973,21751,20000,24975,21730,20006,0.972,0.896763
1131836121,850182049,FB,FB,30551,21316,20482,30551,21303,20460,0.937,0.753169
1131836121,850182049,FB,FB,30876,21760,20578,30856,21762,20587,0.868,0.866879
1131836121,850182049,FB,FB,29412,22243,19654,29416,22247,19659,0.915,0.97131
1131836121,850182049,FB,FB,24320,22040,19958,24300,22055,19968,0.988,0.331371
1131836121,850182049,FB,FB,22770,19061,19296,22761,19074,19300,0.726,0.991
1131836121,850182049,FB,FB,23377,21377,19883,23382,21386,19895,0.8,0.486617
1131836121,850182049,FB,FB,22908,18422,18940,22933,18426,18972,0.736,0.609
1131836121,850182049,FB,FB,21982,20255,19957,22002,20267,19960,0.954,0.479932
1131836121,850182049,FB,FB,29141,21566,20118,29156,21579,20127,0.925,0.972083
1131836121,850182049,FB,FB,28304,22777,20395,28321,22777,20394,0.981,0.936323
1131836121,850182049,FB,FB,23801,20452,19441,23803,20464,19452,0.908,0.965186
1131836121,850182049,FB,FB,23046,18689,19372,23056,18699,19374,0.966,0.678304
1131836121,850182049,FB,FB,22809,19354,19302,22810,19363,19291,0.94,0.64778
1131836121,850182049,FB,FB,23284,20052,18540,23304,20063,18539,0.934,0.91751
1131836121,850182049,FB,FB,29117,21549,20205,29113,21550,20221,0.866,0.681451
1131836121,850182049,FB,FB,23364,20142,19530,23378,20151,19529,0.838,0.985079
1131836121,850182049,FB,FB,28960,22976,20648,28969,22971,20658,0.966,0.789323
1131836121,850182049,FB,FB,23190,18331,19031,23190,18358,19033,0.941,0.973633
1131836121,850182049,FB,FB,24132,21373,19526,24133,21370,19547,0.694,0.708
1131836121,850182049,FB,FB,23716,20972,18516,23735,20963,18501,0.992,0.918871
1131836121,850182049,FB,FB,23806,20950,18633,23805,20946,18654,0.983,0.695341
1131836121,850182049,FB,FB,23732,21037,18494,23755,21036,18479,0.993,0.824896
1131836121,850182049,FB,FB,22844,19344,19255,22832,19352,19255,0.912,0.849437
1131836121,850182049,FB,FB,30617,20735,20459,30620,20750,20455,0.958,0.697149
1131836121,850182049,FB,FB,29940,20653,19906,29954,20647,19913,0.983,0.97131
1131836121,850182049,FB,FB,28899,22973,20696,28916,22970,20703,0.964,0.830312
1131836121,850182049,FB,FB,22840,18900,19306,22835,18889,19315,0.931,0.983476
1131836121,850182049,FB,FB,23926,20974,19171,23924,20975,19192,0.997,0.952518
1131836121,850182049,FB,FB,22033,20267,20007,22036,20269,19994,0.822,0.980859
1131836121,850182049,FB,FB,23894,20943,19118,23879,20941,19124,0.985,0.966842
1131836121,850182049,FB,FB,29260,22302,19570,29254,22294,19575,0.604,0.927
1131836121,1100797044,FB,FB,25959,20140,18345,25956,20135,18354,0.816,0.685
1131836121,1100797044,FB,FB,21865,24546,21798,21881,24554,21804,0.889,0.999415
1131836121,1100797044,FB,FB,21872,24432,21817,21883,24441,21831,0.942,0.965495
1131836121,1100797044,FB,FB,19960,23467,22465,19966,23466,22475,0.948,0.875008
1131836121,1100797044,FB,FB,25633,20141,17650,25620,20154,17643,0.828,0.930521
1131836121,1100797044,FB,FB,19809,24020,22555,19801,24033,22563,0.79,0.776
1131836121,1100797044,FB,FB,27493,18802,17827,27508,18800,17818,0.631,0.776
1131836121,1100797044,FB,FB,20441,23885,22687,20436,23866,22683,0.95,0.856982
1131836121,1100797044,FB,FB,25912,20216,18350,25919,20213,18340,0.938,0.993763
1131836121,1100797044,FB,FB,25699,20942,18287,25691,20937,18295,0.947,0.965298
1131836121,1100797044,FB,FB,20441,22355,22059,20430,22355,22044,0.973,0.837943
1131836121,1100797044,FB,FB,22024,24335,21755,22027,24343,21764,0.884,0.965262
1131836121,1100797044,FB,FB,25896,20623,18744,25885,20632,18753,0.903,0.944963
1131836121,1100797044,FB,FB,20697,24806,22681,20706,24796,22676,0.9,0.98485
1131836121,1100797044,FB,FB,25969,21143,18867,25975,21163,18853,0.92,0.817883
1131836121,1100797044,FB,FB,20240,24515,22721,20247,24513,22713,0.857,0.990726
1131836121,1100797044,FB,FB,19873,24009,22596,19887,24030,22602,0.92,0.90257
1131836121,1100797044,FB,FB,20456,22406,22000,20453,22412,22008,0.952,0.92456
1131836121,1100797044,FB,FB,20349,23113,22013,20345,23123,22017,0.861,0.834061
1131836121,1100797044,FB,FB,25943,18545,17008,25950,18561,16990,0.865,0.769492
1131836121,1100797044,FB,FB,22544,23872,21529,22540,23871,21518,0.818,0.857445
1131836121,1100797044,FB,FB,22097,23567,21420,22101,23576,21410,0.969,0.928307
1131836121,1100797044,FB,FB,20117,24246,22824,20130,24239,22823,0.824,0.998
1131836121,1100797044,FB,FB,25844,21067,19018,25854,21051,19018,0.938,0.79286
1131836121,1100797044,FB,FB,25896,20327,18500,25887,20331,18487,0.953,0.726184
1131836121,1100797044,FB,FB,26130,19526,17557,26140,19537,17558,0.917,0.875449
1131836121,1100797044,FB,FB,20129,24480,22732,20115,24470,22728,0.99,0.916526
1131836121,1100797044,FB,FB,27033,19651,17717,27043,19658,17707,0.956,0.904486
1131836121,1100797044,FB,FB,27143,19448,17817,27145,19433,17820,0.897,0.99754
1131836121,1100797044,FB,FB,20544,24770,22758,20525,24768,22771,0.939,0.941079
1131836121,1100797044,FB,FB,22066,23649,21481,22070,23649,21490,0.725,0.933
1131836121,1100797044,FB,FB,25787,21446,18559,25796,21455,18550,0.844,0.900811
1131836121,1100797044,FB,FB,26398,20244,18081,26415,20244,18092,0.84,0.400986
1131836121,1100797044,FB,FB,25800,21396,18534,25814,21380,18527,0.883,0.631333
1131836121,1100797044,FB,FB,19906,22857,21550,19917,22856,21553,0.889,0.907945
1131836121,1100797044,FB,FB,20960,24744,22642,20940,24749,22632,0.915,0.770259
1131836121,1100797044,FB,FB,27149,19475,17707,27156,19475,17693,0.898,0.866393
1131836121,1100797044,FB,FB,22123,23793,21726,22105,23798,21734,0.94,0.998268
1131836121,1100797044,FB,FB,25957,19083,17114,25953,19066,17114,0.862,0.894554
1131836121,1100797044,FB,FB,25976,20915,19081,25976,20919,19069,0.939,0.636153
1131836121,1100797044,FB,FB,22380,23897,21639,22387,23885,21639,0.91,0.820351
1131836121,846991524,FB,FB,28348,19275,19317,28348,19275,19342,0.902,0.939934
1131836121,846991524,FB,FB,28175,19989,19101,28168,20005,19094,0.876,0.826385
1131836121,846991524,FB,FB,28073,19965,19078,28062,19958,19065,0.848,0.931449
1131836121,846991524,FB,FB,26472,20129,18171,26486,20128,18169,0.956,0.969022
1131836121,846991524,FB,FB,27357,20131,18962,27349,20139,18993,0.779,0.787
1131836121,846991524,FB,FB,27306,20187,19001,27307,20195,19008,0.98,0.70278
1131836121,846991524,FB,FB,27209,20211,19002,27215,20223,19012,0.952,0.769586
1131836121,846991524,FB,FB,27869,19189,17905,27855,19210,17916,0.729,0.420677
1131836121,846991524,FB,FB,27446,18778,17597,27446,18771,17605,0.9,0.991881
1131836121,846991524,FB,FB,27160,20429,18772,27147,20419,18786,0.958,0.947468
1131836121,846991524,FB,FB,20217,22611,21723,20221,22620,21725,0.837,0.811667
1131836121,846991524,FB,FB,26148,21105,19298,26156,21105,19287,0.977,0.94606
1131836121,846991524,FB,FB,27668,20070,18829,27652,20058,18847,0.957,0.849349
1131836121,846991524,FB,FB,27627,20055,18828,27638,20046,18834,0.953,0.94451
1131836121,846991524,FB,FB,27212,21808,19833,27224,21803,19832,0.938,0.95524
1131836121,846991524,FB,FB,27123,19372,18212,27119,19378,18204,0.937,0.954364
1131836121,846991524,FB,FB,21489,21100,20980,21499,21096,20994,0.866,0.460057
1131836121,846991524,FB,FB,21567,20800,21126,21560,20797,21141,0.813,0.984
1131836121,846991524,FB,FB,26532,20137,18268,26534,20142,18255,0.928,0.926386
1131836121,846991524,FB,FB,27143,19448,17817,27157,19459,17820,0.897,0.996573
1131836121,846991524,FB,FB,22039,23694,21508,22047,23706,21502,0.771,0.896
1131836121,846991524,FB,FB,27009,20022,17824,27030,20020,17826,0.926,0.525403
1131836121,846991524,FB,FB,27489,20961,19410,27480,20938,19397,0.903,0.583434
1131836121,846991524,FB,FB,21525,21199,21069,21519,21213,21078,0.986,0.990336
1225640135,1384277275,FB,FB,30056,23392,20513,30058,23382,20508,0.987,0.998415
1225640135,1384277275,FB,FB,30567,23035,21287,30570,23048,21283,0.969,0.982742
1225640135,1384277275,FB,FB,25469,21307,19782,25451,21286,19792,0.928,0.680257
1225640135,1384277275,FB,FB,24583,20303,18980,24595,20304,18987,0.902,0.793306
1225640135,1384277275,FB,FB,31253,22248,21734,31274,22261,21734,0.875,0.907206
1225640135,1384277275,FB,FB,29394,23308,21074,29390,23309,21084,0.959,0.924784
1225640135,1384277275,FB,FB,25135,20866,19158,25153,20874,19169,0.978,0.960667
1225640135,1384277275,FB,FB,24159,19397,18489,24147,19395,18481,0.954,0.66471
1225640135,1384277275,FB,FB,24489,19271,18512,24498,19286,18519,0.521,0.483243
1225640135,1384277275,FB,FB,31431,22200,21442,31433,22201,21425,0.973,0.959063
1225640135,1384277275,FB,FB,30160,22995,20863,30163,23006,20866,0.981,0.761304
1225640135,1384277275,FB,FB,31470,22499,22003,31471,22499,21987,0.778,0.962
1225640135,1384277275,FB,FB,25026,19667,18509,25015,19666,18522,0.877,0.885469
1225640135,1384277275,FB,FB,31076,22021,21462,31069,22025,21467,0.967,0.876109
1225640135,1384277275,FB,FB,30550,23025,21201,30562,23022,21193,0.96,0.730747
1225640135,1384277275,FB,FB,30052,23308,20624,30046,23292,20622,0.819,0.996171
1225640135,1384277275,FB,FB,30616,23067,21330,30611,23073,21326,0.96,0.767325
1225640135,1100797044,FB,FB,20462,22048,21540,20446,22042,21534,0.867,0.98771
1225640135,1100797044,FB,FB,19847,22349,21949,19832,22358,21949,0.926,0.876499
1225640135,1100797044,FB,FB,21327,23241,21560,21314,23238,21554,0.782,0.812
1225640135,1100797044,FB,FB,26307,20771,18823,26303,20778,18831,0.727,0.824
1225640135,1100797044,FB,FB,26526,18605,17065,26526,18589,17067,0.964,0.958606
1225640135,1100797044,FB,FB,20672,23983,22280,20667,23985,22266,0.932,0.983156
1225640135,1100797044,FB,FB,26249,20810,18969,26263,20816,18963,0.947,0.956475
1225640135,1100797044,FB,FB,20368,24239,22620,20361,24228,22626,0.701,0.946
1225640135,1100797044,FB,FB,21234,23278,21599,21235,23260,21601,0.989,0.972299
1225640135,1100797044,FB,FB,26260,18448,16895,26260,18441,16902,0.918,0.988494
1225640135,1100797044,FB,FB,19906,22298,22022,19880,22283,21997,0.881,0.755964
1225640135,1100797044,FB,FB,19922,22302,22076,19916,22317,22075,0.809,0.918362
1225640135,1100797044,FB,FB,25284,19662,17859,25291,19661,17848,0.735,0.953
1225640135,1100797044,FB,FB,25341,19770,17771,25322,19780,17754,0.897,0.762295
1225640135,1100797044,FB,FB,20399,24337,22781,20401,24325,22788,0.941,0.771072
1225640135,1100797044,FB,FB,26512,18490,16811,26509,18499,16800,0.506,0.343911
1225640135,1100797044,FB,FB,20313,24366,22568,20308,24371,22576,0.884,0.928973
1225640135,1100797044,FB,FB,25738,20506,18534,25742,20493,18525,0.883,0.787151
1225640135,1100797044,FB,FB,19952,22925,22258,19955,22919,22247,0.911,0.964083
1225640135,1100797044,FB,FB,26057,19909,18404,26058,19925,18393,0.892,0.910916
1225640135,1100797044,FB,FB,19894,22546,21983,19895,22556,21991,0.84,0.818
1225640135,1100797044,FB,FB,26065,20147,18439,26047,20139,18440,0.628,0.856
1225640135,1100797044,FB,FB,20242,24412,22494,20235,24419,22498,0.942,0.999025
1225640135,1100797044,FB,FB,20408,23682,22521,20413,23674,22556,0.804,0.55341
1225640135,1100797044,FB,FB,19775,22343,21985,19792,22346,21973,0.921,0.848768
1225640135,1100797044,FB,FB,25700,20265,18297,25709,20249,18308,0.857,0.503944
1225640135,1100797044,FB,FB,19966,22806,22218,19976,22803,22205,0.898,0.92851
1225640135,1100797044,FB,FB,21494,24353,21629,21505,24367,21637,0.947,0.980092
1225640135,1446234552,FB,FB,21365,23291,21533,21381,23281,21526,0.842,0.752
1225640135,1446234552,FB,FB,27581,20354,18988,27593,20348,18982,0.948,0.896658
1225640135,1446234552,FB,FB,22705,23086,21061,22688,23077,21075,0.952,0.540821
1225640135,1446234552,FB,FB,19896,23078,22476,19887,23087,22474,0.911,0.758312
1225640135,1446234552,FB,FB,28088,18766,18350,28069,18751,18354,0.811,0.818
1225640135,1446234552,FB,FB,21533,23353,21112,21546,23369,21106,0.635,0.651
1225640135,1446234552,FB,FB,21862,22791,21223,21845,22791,21220,0.82,0.666745
1225640135,1446234552,FB,FB,21107,22905,21123,21105,22894,21123,0.672,0.879
1225640135,1446234552,FB,FB,27816,19779,17621,27816,19777,17606,0.829,0.96234
1225640135,1446234552,FB,FB,21320,22273,21193,21311,22277,21188,0.512,0.498775
1225640135,1446234552,FB,FB,21505,23494,21303,21507,23486,21292,0.773,0.996
1225640135,1446234552,FB,FB,21920,22846,21183,21913,22864,21188,0.761,0.867
1225640135,1446234552,FB,FB,27753,19774,17586,27769,19788,17596,0.934,0.843763
1225640135,1446234552,FB,FB,21448,23405,21255,21465,23400,21258,0.984,0.802946
1225640135,1446234552,FB,FB,26313,20834,18907,26324,20842,18915,0.921,0.791483
1225640135,1446234552,FB,FB,22487,23181,21165,22477,23194,21173,0.946,0.988451
1225640135,1446234552,FB,FB,27217,20144,19265,27219,20146,19250,0.854,0.928
1225640135,1446234552,FB,FB,19966,22806,22218,19963,22814,22205,0.898,0.749701
1225640135,786994048,FB,FB,20967,20706,20559,20976,20699,20537,0.963,0.797212
1225640135,786994048,FB,FB,22714,20702,19911,22698,20708,19910,0.991,0.928219
1225640135,786994048,FB,FB,22459,21717,20146,22450,21726,20134,0.74,0.319
1225640135,786994048,FB,FB,29146,22149,19133,29137,22139,19143,0.849,0.867451
1225640135,786994048,FB,FB,21975,20630,20401,21969,20613,20392,0.959,0.849702
1225640135,786994048,FB,FB,22068,20600,20434,22084,20592,20429,0.971,0.741283
1225640135,786994048,FB,FB,20894,20628,20557,20903,20632,20546,0.89,0.889477
1225640135,786994048,FB,FB,22031,20564,20248,22031,20582,20236,0.99,0.886196
1225640135,786994048,FB,FB,22331,21608,19002,22341,21597,19019,0.972,0.785237
1225640135,786994048,FB,FB,28366,22167,19660,28376,22169,19667,0.929,0.980439
1225640135,786994048,FB,FB,28743,20861,19478,28753,20857,19473,0.842,0.990365
1225640135,786994048,FB,FB,23112,21714,20549,23105,21728,20540,0.747,0.945
1225640135,786994048,FB,FB,28537,20152,18957,28523,20130,18946,0.836,0.379
1225640135,786994048,FB,FB,21355,21634,21374,21366,21628,21382,0.991,0.818304
1225640135,786994048,FB,FB,22326,18810,19442,22314,18809,19446,0.945,0.985442
1225640135,786994048,FB,FB,28423,21055,18702,28444,21048,18701,0.857,0.835289
1225640135,5813048182,FB,FB,31329,22840,21678,31307,22829,21682,0.962,0.86725
1225640135,5813048182,FB,FB,31417,22639,21966,31402,22634,21961,0.949,0.922362
1225640135,5813048182,FB,FB,31368,24444,22496,31382,24441,22510,0.965,0.399495
1225640135,5813048182,FB,FB,31943,23907,22646,31928,23903,22643,0.97,0.964106
1225640135,5813048182,FB,FB,31884,23908,22600,31876,23898,22614,0.946,0.753247
1225640135,5813048182,FB,FB,25277,19707,17863,25262,19710,17871,0.639,0.955
1225640135,5813048182,FB,FB,25738,20506,18534,25752,20509,18525,0.883,0.658211
1225640135,5813048182,FB,FB,32045,23719,22617,32042,23716,22625,0.548,0.491355
1225640135,5813048182,FB,FB,25697,19543,17195,25696,19528,17189,0.939,0.861117
1225640135,5813048182,FB,FB,25613,18532,16903,25610,18529,16918,0.859,0.960767
1225640135,5813048182,FB,FB,31153,22470,21880,31151,22479,21872,0.91,0.892041
1225640135,5813048182,FB,FB,25005,18235,16992,25002,18244,16997,0.966,0.98435
1225640135,755950242,FB,FB,27090,22085,19720,27084,22080,19726,0.902,0.969849
1225640135,755950242,FB,FB,29780,19393,19596,29790,19417,19610,0.911,0.696245
1225640135,755950242,FB,FB,28552,20128,19639,28559,20136,19629,0.933,0.878547
1225640135,755950242,FB,FB,27581,20354,18988,27584,20347,18995,0.948,0.981803
1225640135,755950242,FB,FB,29002,20446,19354,29002,20451,19366,0.95,0.949608
1225640135,755950242,FB,FB,23067,22259,20344,23081,22259,20338,0.823,0.434
1225640135,755950242,FB,FB,22853,22747,20169,22845,22737,20181,0.944,0.990076
1225640135,755950242,FB,FB,28564,19224,19789,28556,19230,19796,0.742,0.464315
1225640135,755950242,FB,FB,22958,22689,20632,22940,22683,20635,0.854,0.685087
1225640135,755950242,FB,FB,21961,21643,21032,21996,21629,21048,0.883,0.94386
1225640135,755950242,FB,FB,28092,19916,19250,28098,19928,19256,0.94,0.888311
1225640135,755950242,FB,FB,23506,21988,20408,23499,22003,20408,0.899,0.75348
1225640135,755950242,FB,FB,22310,20148,19822,22301,20139,19826,0.962,0.88372
1225640135,755950242,FB,FB,22068,20600,20434,22077,20605,20440,0.971,0.946448
1225640135,755950242,FB,FB,22621,22557,20481,22638,22549,20474,0.955,0.909589
1225640135,755950242,FB,FB,28366,22167,19660,28359,22167,19669,0.929,0.960402
1225640135,755950242,FB,FB,23078,22321,20335,23074,22322,20347,0.946,0.931495
1225640135,755950242,FB,FB,29124,19215,19302,29129,19201,19297,0.949,0.961687
1225640135,755950242,FB,FB,23527,22464,20126,23531,22466,20112,0.986,0.990158
1225640135,755950242,FB,FB,22709,20581,19972,22722,20585,19989,0.876,0.572504
1225640135,755950242,FB,FB,28537,20152,18957,28527,20170,18955,0.836,0.726
1225640135,755950242,FB,FB,23994,20992,20047,23991,20990,20066,0.976,0.99977
1225640135,755950242,FB,FB,23768,22049,20238,23769,22022,20227,0.953,0.364389
1225640135,755950242,FB,FB,22609,22639,20402,22625,22637,20391,0.977,0.914057
1225640135,755950242,FB,FB,23114,22251,20121,23113,22267,20122,0.539,0.479872
1225640135,846991524,FB,FB,20967,20706,20559,20979,20709,20552,0.963,0.94003
1225640135,846991524,FB,FB,19877,22683,22511,19890,22680,22506,0.875,0.941
1225640135,846991524,FB,FB,27270,21817,19423,27265,21805,19435,0.71,0.741
1225640135,846991524,FB,FB,26307,20771,18823,26321,20786,18831,0.727,0.71
1225640135,846991524,FB,FB,21218,21211,21342,21219,21203,21330,0.73,0.884
1225640135,846991524,FB,FB,26710,21543,19645,26718,21541,19631,0.964,0.877504
1225640135,846991524,FB,FB,27090,22085,19720,27080,22079,19714,0.902,0.980188
1225640135,846991524,FB,FB,20462,22048,21540,20444,22038,21553,0.867,0.873489
1225640135,846991524,FB,FB,27911,21099,19419,27903,21111,19415,0.936,0.940658
1225640135,846991524,FB,FB,21798,22825,21192,21797,22836,21203,0.986,0.889142
1225640135,846991524,FB,FB,22458,21845,20941,22456,21855,20930,0.966,0.822027
1225640135,846991524,FB,FB,28088,18766,18350,28074,18781,18354,0.811,0.698
1225640135,846991524,FB,FB,21862,22791,21223,21853,22784,21233,0.82,0.984286
1225640135,846991524,FB,FB,21328,21731,21375,21347,21731,21385,0.902,0.792083
1225640135,846991524,FB,FB,21533,23353,21112,21510,23359,21095,0.635,0.817
1225640135,846991524,FB,FB,27189,20272,19273,27167,20268,19270,0.93,0.822045
1225640135,846991524,FB,FB,27816,19779,17621,27803,19772,17611,0.829,0.962539
1225640135,846991524,FB,FB,22175,21975,20706,22172,21970,20722,0.97,0.939351
1225640135,846991524,FB,FB,21124,21489,21020,21111,21498,21031,0.941,0.78731
1225640135,846991524,FB,FB,27776,20294,19092,27772,20290,19112,0.9,0.903093
1225640135,846991524,FB,FB,27332,19863,18633,27340,19853,18621,0.925,0.701208
1225640135,846991524,FB,FB,26707,21434,19674,26710,21451,19677,0.993,0.959775
1225640135,846991524,FB,FB,21402,21504,21238,21416,21519,21227,0.947,0.998741
1225640135,846991524,FB,FB,26313,20834,18907,26328,20839,18903,0.921,0.957035
1225640135,846991524,FB,FB,27744,21915,18798,27750,21914,18772,0.889,0.827959
1225640135,846991524,FB,FB,26191,20797,18900,26182,20802,18890,0.988,0.866608
1225640135,846991524,FB,FB,27217,20144,19265,27202,20148,19259,0.854,0.939
1225640135,846991524,FB,FB,22510,21719,20710,22525,21709,20720,0.97,0.946725
1225640135,846991524,FB,FB,27753,19774,17586,27763,19770,17577,0.934,0.985296
1225640135,846991524,FB,FB,27384,21761,19232,27362,21766,19232,0.775,0.383606
1225640135,846991524,FB,FB,21920,22846,21183,21916,22856,21200,0.761,0.954
1225640135,846991524,FB,FB,27190,20358,19154,27181,20348,19147,0.647,0.869
1225640135,1100788127,FB,FB,30567,23035,21287,30555,23047,21283,0.969,0.806911
1225640135,1100788127,FB,FB,31329,22840,21678,31321,22853,21682,0.962,0.748516
1225640135,1100788127,FB,FB,23958,18684,17047,23970,18671,17034,0.974,0.88064
1225640135,1100788127,FB,FB,24421,18361,17212,24443,18361,17199,0.937,0.365707
1225640135,1100788127,FB,FB,26249,20810,18969,26253,20798,18970,0.947,0.992763
1225640135,1100788127,FB,FB,31285,22579,21922,31276,22585,21925,0.981,0.817491
1225640135,1100788127,FB,FB,25511,18431,16815,25513,18440,16805,0.861,0.972379
1225640135,1100788127,FB,FB,25537,21577,19756,25530,21599,19752,0.952,0.804959
1225640135,1100788127,FB,FB,25657,20486,18409,25657,20515,18391,0.902,0.712455
1225640135,1100788127,FB,FB,31113,24453,22077,31122,24446,22073,0.967,0.870811
1225640135,1100788127,FB,FB,25284,19662,17859,25290,19638,17848,0.735,0.592
1225640135,1100788127,FB,FB,25277,19707,17863,25266,19700,17856,0.639,0.998
1225640135,1100788127,FB,FB,25076,20806,19088,25065,20798,19096,0.802,0.913
1225640135,1100788127,FB,FB,26065,20147,18439,26064,20147,18454,0.628,0.996
1225640135,1100788127,FB,FB,25062,18286,16917,25055,18300,16909,0.951,0.757121
1225640135,1100788127,FB,FB,25613,18532,16903,25606,18539,16901,0.859,0.479431
1225640135,1100788127,FB,FB,26354,21480,19593,26349,21490,19601,0.956,0.96614
1225640135,1100788127,FB,FB,25791,19730,17541,25795,19730,17550,0.906,0.982853
1225640135,1100788127,FB,FB,23841,19002,16581,23848,19009,16588,0.963,0.922623
1225640135,1100788127,FB,FB,25128,20821,19218,25143,20821,19229,0.917,0.800578
1225640135,1192606191,FB,FB,23889,22114,20248,23875,22113,20249,0.996,0.970251
1225640135,1192606191,FB,FB,23922,20402,18989,23927,20422,18984,0.766,0.752
1225640135,1192606191,FB,FB,23830,20427,18964,23822,20413,18972,0.956,0.963482
1225640135,1192606191,FB,FB,29177,22113,19093,29189,22127,19095,0.976,0.818066
1225640135,1192606191,FB,FB,30080,22394,20855,30078,22401,20846,0.976,0.960333
1225640135,1192606191,FB,FB,30845,20537,20142,30858,20552,20142,0.978,0.965088
1225640135,1192606191,FB,FB,23113,19254,18830,23109,19258,18837,0.948,0.937157
1225640135,1192606191,FB,FB,23764,21783,18949,23752,21797,18950,0.954,0.947624
1225640135,1192606191,FB,FB,23571,20150,19056,23565,20134,19059,0.918,0.96834
1225640135,1192606191,FB,FB,29146,22149,19133,29158,22140,19143,0.849,0.937052
1225640135,1192606191,FB,FB,23149,20691,19790,23156,20678,19773,0.923,0.819305
1225640135,1192606191,FB,FB,29394,23308,21074,29404,23309,21084,0.959,0.798951
1225640135,1192606191,FB,FB,23594,21629,19289,23600,21627,19281,0.938,0.993334
1225640135,1192606191,FB,FB,29050,22213,19100,29057,22192,19103,0.843,0.896862
1225640135,1192606191,FB,FB,24019,20707,19490,24025,20690,19493,0.604,0.490159
1225640135,1192606191,FB,FB,22310,20148,19822,22308,20144,19804,0.962,0.751163
1225640135,1192606191,FB,FB,30149,22212,20872,30131,22188,20872,0.972,0.711192
1225640135,1192606191,FB,FB,30239,20369,20325,30267,20378,20324,0.501,0.431715
1225640135,1192606191,FB,FB,23093,18631,19032,23099,18622,19036,0.828,0.798255
1225640135,1192606191,FB,FB,24126,20772,19777,24118,20784,19776,0.974,0.955707
1225640135,1192606191,FB,FB,23610,20249,18918,23610,20257,18913,0.899,0.849584
1225640135,1192606191,FB,FB,23771,22103,20215,23786,22126,20209,0.883,0.620405
1225640135,1192606191,FB,FB,29359,22014,20084,29371,22025,20089,0.959,0.75107
1225640135,1192606191,FB,FB,29476,21667,19920,29471,21681,19922,0.904,0.986267
1225640135,1192606191,FB,FB,22243,19311,19515,22241,19308,19526,0.962,0.996602
1225640135,1192606191,FB,FB,22784,19550,19741,22783,19582,19727,0.975,0.372512
1225640135,1192606191,FB,FB,29268,22162,20127,29266,22164,20139,0.96,0.951104
1225640135,1132150724,FB,FB,31417,22639,21966,31406,22620,21989,0.949,0.716781
1225640135,1132150724,FB,FB,24189,18612,18818,24195,18600,18811,0.59,0.458407
1225640135,1132150724,FB,FB,23172,19333,18835,23176,19341,18847,0.758,0.902
1225640135,1132150724,FB,FB,25117,19741,18529,25129,19737,18524,0.713,0.882
1225640135,1132150724,FB,FB,31253,22248,21734,31244,22250,21736,0.875,0.955742
1225640135,1132150724,FB,FB,23751,20997,18449,23767,20991,18459,0.983,0.842489
1225640135,1132150724,FB,FB,31260,22769,21696,31250,22775,21681,0.981,0.834673
1225640135,1132150724,FB,FB,24489,19271,18512,24478,19280,18519,0.521,0.497461
1225640135,1132150724,FB,FB,30160,22995,20863,30161,22998,20853,0.981,0.681557
1225640135,1132150724,FB,FB,31470,22499,22003,31473,22487,21995,0.778,0.699
1225640135,1132150724,FB,FB,30550,23025,21201,30554,23034,21193,0.96,0.791586
1225640135,1132150724,FB,FB,23725,18799,18872,23723,18791,18888,0.926,0.963348
1225640135,1132150724,FB,FB,24015,18772,17062,24020,18769,17087,0.845,0.889
1225640135,1132150724,FB,FB,25076,20806,19088,25067,20812,19096,0.802,0.966
1225640135,1132150724,FB,FB,23830,20427,18964,23823,20427,18948,0.956,0.908526
1225640135,1132150724,FB,FB,30052,23308,20624,30023,23295,20620,0.819,0.79515
1225640135,1132150724,FB,FB,31153,22470,21880,31169,22469,21868,0.91,0.937146
1225640135,1132150724,FB,FB,29696,23207,21069,29688,23193,21070,0.869,0.336007
1225640135,1132150724,FB,FB,30138,23391,20146,30133,23372,20147,0.547,0.422153
1225640135,664978073,FB,FB,22714,20702,19911,22697,20717,19920,0.991,0.785792
1225640135,664978073,FB,FB,27715,21274,20433,27730,21271,20445,0.938,0.995339
1225640135,664978073,FB,FB,21975,20630,20401,21966,20630,20392,0.959,0.828867
1225640135,664978073,FB,FB,28092,19916,19250,28107,19905,19243,0.94,0.914711
1225640135,664978073,FB,FB,28399,19216,19171,28384,19223,19167,0.628,0.881
1225640135,664978073,FB,FB,21035,21097,20327,21038,21115,20334,0.87,0.9172
1225640135,664978073,FB,FB,28606,20220,18957,28596,20213,18944,0.937,0.990543
1225640135,664978073,FB,FB,21015,20660,20577,21023,20654,20564,0.621,0.733
1225640135,664978073,FB,FB,22621,22557,20481,22624,22543,20474,0.955,0.960671
1225640135,664978073,FB,FB,21734,20669,20996,21727,20658,21002,0.977,0.986099
1225640135,664978073,FB,FB,28366,22167,19660,28363,22183,19667,0.929,0.973706
1225640135,664978073,FB,FB,22331,21608,19002,22335,21596,19000,0.972,0.859929
1225640135,664978073,FB,FB,28537,20152,18957,28547,20164,18955,0.836,0.734
1225640135,664978073,FB,FB,23771,22103,20215,23763,22116,20211,0.883,0.954213
1225640135,664978073,FB,FB,22709,20705,19968,22699,20721,19958,0.802,0.895
1225640135,664978073,FB,FB,22134,22132,20680,22143,22122,20676,0.824,0.791273
1225640135,664978073,FB,FB,21498,20829,20849,21498,20822,20841,0.78,0.885
1225640135,664978073,FB,FB,22448,20545,19964,22466,20545,19967,0.942,0.963526
1225640135,818796911,FB,FB,27901,21440,18720,27904,21450,18711,0.941,0.861086
1225640135,818796911,FB,FB,22134,22132,20680,22143,22134,20689,0.824,0.946291
1225640135,818796911,FB,FB,27171,19933,18537,27155,19920,18551,0.982,0.953917
1225640135,818796911,FB,FB,20981,21321,20612,20979,21331,20608,0.97,0.876669
1225640135,818796911,FB,FB,22853,22747,20169,22859,22730,20181,0.944,0.846144
1225640135,818796911,FB,FB,27911,21099,19419,27897,21099,19415,0.936,0.877724
1225640135,818796911,FB,FB,28564,19224,19789,28562,19240,19782,0.742,0.464264
1225640135,818796911,FB,FB,21798,22825,21192,21805,22825,21203,0.986,0.874806
1225640135,818796911,FB,FB,21928,22113,20951,21927,22104,20940,0.906,0.415437
1225640135,818796911,FB,FB,21866,22118,20943,21880,22106,20931,0.96,0.964601
1225640135,818796911,FB,FB,21975,20630,20401,21953,20650,20392,0.959,0.718553
1225640135,818796911,FB,FB,28108,20245,19206,28116,20241,19213,0.635,0.733
1225640135,818796911,FB,FB,21533,23353,21112,21526,23350,21095,0.635,0.836
1225640135,818796911,FB,FB,28092,19916,19250,28096,19926,19243,0.94,0.957817
1225640135,818796911,FB,FB,28088,18766,18350,28088,18782,18354,0.811,0.998
1225640135,818796911,FB,FB,19906,22298,22022,19910,22294,22014,0.881,0.925201
1225640135,818796911,FB,FB,19922,22302,22076,19916,22318,22037,0.809,0.408
1225640135,818796911,FB,FB,20668,20450,19929,20687,20458,19912,0.908,0.911879
1225640135,818796911,FB,FB,21079,22730,21273,21075,22746,21265,0.913,0.897385
1225640135,818796911,FB,FB,19847,22349,21949,19837,22332,21949,0.926,0.863293
1225640135,818796911,FB,FB,21620,22918,21044,21635,22898,21037,0.955,0.920876
1225640135,818796911,FB,FB,22175,21975,20706,22163,21978,20712,0.97,0.913048
1225640135,818796911,FB,FB,22621,22557,20481,22616,22535,20483,0.955,0.836157
1225640135,818796911,FB,FB,27876,21116,19304,27872,21126,19311,0.898,0.847339
1225640135,818796911,FB,FB,28537,20152,18957,28537,20161,18946,0.836,0.957
1225640135,818796911,FB,FB,27776,20294,19092,27762,20293,19096,0.9,0.766026
1225640135,818796911,FB,FB,27884,20279,19098,27876,20275,19088,0.96,0.809811
1225640135,818796911,FB,FB,27332,19863,18633,27302,19837,18634,0.925,0.823579
1225640135,818796911,FB,FB,22609,22639,20402,22610,22643,20391,0.977,0.979886
1225640135,818796911,FB,FB,28023,18794,18630,28009,18794,18639,0.884,0.694843
1225640135,818796911,FB,FB,22487,23181,21165,22479,23178,21155,0.946,0.96562
1225640135,818796911,FB,FB,27579,20410,18926,27576,20412,18914,0.911,0.683153
1225640135,818796911,FB,FB,22508,22374,20930,22504,22396,20940,0.801,0.907351
1225640135,818796911,FB,FB,26354,21480,19593,26363,21468,19606,0.956,0.936269
1225640135,818796911,FB,FB,27886,20412,19043,27898,20427,19035,0.899,0.743897
1225640135,818796911,FB,FB,21402,21504,21238,21425,21505,21227,0.947,0.878422
1225640135,818796911,FB,FB,28423,21055,18702,28408,21052,18710,0.857,0.793384
1225640135,818796911,FB,FB,27993,18722,18562,27983,18711,18567,0.79,0.919
1225640135,818796911,FB,FB,21002,22475,21222,21012,22472,21228,0.841,0.909866
1225640135,818796911,FB,FB,21920,22846,21183,21925,22861,21169,0.761,0.945
1225640135,1129396529,FB,FB,29261,22982,20504,29257,23003,20517,0.972,0.610513
1225640135,1129396529,FB,FB,29348,22967,20519,29337,22967,20545,0.845,0.328109
1225640135,1129396529,FB,FB,29457,21590,20087,29471,21598,20099,0.934,0.714314
1225640135,1129396529,FB,FB,30881,20567,19924,30883,20583,19935,0.974,0.875627
1225640135,1129396529,FB,FB,28597,22403,19560,28604,22390,19570,0.56,0.382314
1225640135,1129396529,FB,FB,28501,22371,19567,28517,22364,19579,0.953,0.84165
1225640135,1129396529,FB,FB,22472,18888,19481,22478,18893,19471,0.95,0.84603
1225640135,1129396529,FB,FB,29146,22149,19133,29153,22157,19132,0.849,0.936872
1225640135,1129396529,FB,FB,23764,21783,18949,23753,21772,18950,0.954,0.95891
1225640135,1129396529,FB,FB,29309,22388,20320,29316,22383,20326,0.79,0.995
1225640135,1129396529,FB,FB,23360,20799,19877,23377,20794,19889,0.934,0.918033
1225640135,1129396529,FB,FB,28400,22271,19613,28396,22277,19622,0.717,0.843
1225640135,1129396529,FB,FB,30323,20651,20291,30310,20646,20294,0.979,0.844398
1225640135,1129396529,FB,FB,29050,22213,19100,29057,22221,19086,0.843,0.736412
1225640135,1129396529,FB,FB,23093,18631,19032,23084,18619,19029,0.828,0.937793
1225640135,1129396529,FB,FB,23719,21810,18908,23715,21794,18914,0.923,0.93045
1225640135,1129396529,FB,FB,29359,22014,20084,29370,22009,20089,0.959,0.805212
1225640135,1129396529,FB,FB,29401,21773,20113,29414,21775,20117,0.943,0.973467
1225640135,1129396529,FB,FB,23751,20328,18858,23743,20333,18849,0.933,0.811122
1225640135,1129396529,FB,FB,29231,21944,20157,29233,21934,20165,0.817,0.905853
1225640135,1129396529,FB,FB,22784,19550,19741,22792,19546,19727,0.975,0.989374
1225640135,1129396529,FB,FB,29268,22162,20127,29279,22170,20139,0.96,0.931172
1225640135,1413813658,FB,FB,19877,22683,22511,19890,22691,22523,0.875,0.906
1225640135,1413813658,FB,FB,20898,25292,21886,20910,25277,21877,0.593,0.355823
1225640135,1413813658,FB,FB,26526,18605,17065,26538,18599,17052,0.964,0.936025
1225640135,1413813658,FB,FB,20672,23983,22280,20666,23999,22276,0.932,0.938216
1225640135,1413813658,FB,FB,19765,22510,22014,19768,22498,22013,0.7,0.962
1225640135,1413813658,FB,FB,26249,20810,18969,26251,20807,18951,0.947,0.94263
1225640135,1413813658,FB,FB,20075,22257,22172,20086,22275,22171,0.852,0.842487
1225640135,1413813658,FB,FB,20368,24239,22620,20352,24239,22626,0.701,0.98
1225640135,1413813658,FB,FB,19896,23078,22476,19874,23071,22474,0.911,0.833271
1225640135,1413813658,FB,FB,26588,19643,17653,26578,19627,17652,0.953,0.737815
1225640135,1413813658,FB,FB,19922,22302,22076,19936,22311,22075,0.809,0.924779
1225640135,1413813658,FB,FB,19847,22349,21949,19847,22342,21935,0.926,0.915526
1225640135,1413813658,FB,FB,21150,24917,21963,21151,24918,21979,0.951,0.977875
1225640135,1413813658,FB,FB,20789,25263,21981,20799,25258,21983,0.917,0.998505
1225640135,1413813658,FB,FB,20313,24366,22568,20301,24378,22585,0.884,0.790507
1225640135,1413813658,FB,FB,25738,20506,18534,25748,20500,18540,0.883,0.94161
1225640135,1413813658,FB,FB,19952,22925,22258,19947,22933,22247,0.911,0.980181
1225640135,1413813658,FB,FB,26057,19909,18404,26069,19910,18393,0.892,0.904126
1225640135,1413813658,FB,FB,19899,22433,22352,19898,22450,22353,0.785,0.73
1225640135,1413813658,FB,FB,20242,24412,22494,20233,24406,22498,0.942,0.957484
1225640135,1413813658,FB,FB,19966,22806,22218,19980,22806,22221,0.898,0.978648
1225640135,1413813658,FB,FB,21291,24913,22461,21297,24919,22473,0.623,0.765
1225640135,1257283316,FB,FB,20967,20706,20559,20971,20724,20552,0.963,0.944705
1225640135,1257283316,FB,FB,23889,22114,20248,23868,22110,20265,0.996,0.462298
1225640135,1257283316,FB,FB,23032,22979,20147,23021,22968,20150,0.956,0.947854
1225640135,1257283316,FB,FB,23531,22470,20251,23523,22483,20262,0.794,0.805
1225640135,1257283316,FB,FB,28294,21237,19751,28306,21244,19754,0.916,0.941702
1225640135,1257283316,FB,FB,22458,21615,20212,22454,21607,20207,0.78,0.969
1225640135,1257283316,FB,FB,22459,21717,20146,22471,21732,20147,0.74,0.616
1225640135,1257283316,FB,FB,21656,20710,20896,21649,20710,20886,0.974,0.994656
1225640135,1257283316,FB,FB,29428,21048,19946,29432,21043,19935,0.931,0.920738
1225640135,1257283316,FB,FB,23197,22340,20338,23206,22341,20347,0.862,0.997615
1225640135,1257283316,FB,FB,29447,20942,20013,29437,20945,20018,0.953,0.884103
1225640135,1257283316,FB,FB,28817,20525,19442,28832,20511,19461,0.93,0.751657
1225640135,1257283316,FB,FB,20894,20628,20557,20905,20625,20560,0.89,0.986639
1225640135,1257283316,FB,FB,22031,20564,20248,22023,20564,20236,0.99,0.99999
1225640135,1257283316,FB,FB,22621,22557,20481,22613,22534,20496,0.955,0.661994
1225640135,1257283316,FB,FB,23771,22103,20215,23768,22109,20222,0.883,0.761283
1225640135,1257283316,FB,FB,23400,22832,20645,23397,22820,20648,0.914,0.99676
1225640135,1257283316,FB,FB,21402,21504,21238,21405,21486,21227,0.947,0.779502
1225640135,1257283316,FB,FB,22508,22374,20930,22495,22369,20940,0.801,0.68446
1225640135,1257283316,FB,FB,23454,22396,20157,23471,22386,20168,0.924,0.972958
1225640135,1257283316,FB,FB,28423,21055,18702,28427,21060,18714,0.857,0.962343
1225640135,1257283316,FB,FB,23114,22251,20121,23114,22251,20135,0.539,0.313528
1225640135,1067331159,FB,FB,22682,19693,19888,22668,19691,19896,0.984,0.924377
1225640135,1067331159,FB,FB,22654,19665,19849,22651,19653,19839,0.898,0.927647
1225640135,1067331159,FB,FB,23889,22114,20248,23886,22102,20249,0.996,0.960095
1225640135,1067331159,FB,FB,30881,20567,19924,30885,20556,19930,0.974,0.920737
1225640135,1067331159,FB,FB,22719,19647,19855,22733,19641,19841,0.83,0.985232
1225640135,1067331159,FB,FB,23404,22025,20093,23394,22018,20095,0.977,0.987777
1225640135,1067331159,FB,FB,23373,19928,18533,23346,19936,18538,0.897,0.637755
1225640135,1067331159,FB,FB,31175,20622,19020,31163,20627,19021,0.977,0.980146
1225640135,1067331159,FB,FB,30760,20640,20337,30748,20645,20332,0.983,0.861099
1225640135,1067331159,FB,FB,29401,21773,20113,29402,21775,20125,0.943,0.973589
1225640135,1067331159,FB,FB,22243,19311,19515,22230,19301,19526,0.962,0.942539
1225640135,1067331159,FB,FB,22174,19267,19475,22181,19260,19482,0.971,0.985979
1225640135,1067331159,FB,FB,23474,20817,19764,23477,20824,19752,0.687,0.616
1225640135,1067331159,FB,FB,22784,19550,19741,22756,19558,19727,0.975,0.700143
1225640135,1067331159,FB,FB,22709,20581,19972,22705,20569,19978,0.876,0.939025
1225640135,941840616,FB,FB,24143,20967,19851,24136,20976,19840,0.999,0.968838
1225640135,941840616,FB,FB,29991,23422,20539,29995,23411,20531,0.935,0.994091
1225640135,941840616,FB,FB,30881,20567,19924,30894,20541,19917,0.974,0.74282
1225640135,941840616,FB,FB,30056,23392,20513,30048,23380,20524,0.987,0.982912
1225640135,941840616,FB,FB,23373,19928,18533,23377,19950,18541,0.897,0.957024
1225640135,941840616,FB,FB,31175,20622,19020,31174,20612,19037,0.977,0.864523
1225640135,941840616,FB,FB,23833,21589,18791,23843,21584,18802,0.964,0.905214
1225640135,941840616,FB,FB,23550,21653,19193,23562,21666,19179,0.916,0.972669
1225640135,941840616,FB,FB,30760,20640,20337,30749,20636,20342,0.983,0.956455
1225640135,941840616,FB,FB,22898,18962,19453,22885,18953,19451,0.963,0.97084
1225640135,941840616,FB,FB,29394,23308,21074,29394,23296,21084,0.959,0.86971
1225640135,941840616,FB,FB,23751,20997,18449,23753,20991,18459,0.983,0.98284
1225640135,941840616,FB,FB,23017,18853,19155,23006,18868,19154,0.917,0.807974
1225640135,941840616,FB,FB,23722,18733,18737,23736,18729,18727,0.967,0.705517
1225640135,941840616,FB,FB,29971,23064,20400,29974,23068,20411,0.974,0.973962
1225640135,941840616,FB,FB,30160,22995,20863,30172,22988,20853,0.981,0.687657
1225640135,941840616,FB,FB,23830,20427,18964,23845,20401,18948,0.956,0.760849
1225640135,941840616,FB,FB,25026,19667,18509,25001,19672,18522,0.877,0.902214
1225640135,941840616,FB,FB,23725,18799,18872,23713,18797,18862,0.926,0.958684
1225640135,941840616,FB,FB,29592,23309,21076,29590,23309,21085,0.7,0.942
1225640135,941840616,FB,FB,23841,21644,18840,23840,21660,18843,0.75,0.94
1225640135,941840616,FB,FB,23719,21810,18908,23710,21808,18903,0.923,0.9531
1225640135,941840616,FB,FB,30052,23308,20624,30053,23314,20607,0.819,0.986637
1225640135,941840616,FB,FB,23610,20249,18918,23619,20255,18924,0.899,0.91276
1225640135,941840616,FB,FB,29311,23112,20914,29311,23105,20930,0.97,0.915516
1225640135,941840616,FB,FB,31153,22470,21880,31164,22472,21888,0.91,0.99625
1225640135,941840616,FB,FB,30138,23391,20146,30151,23380,20147,0.547,0.353902
1225640135,941840616,FB,FB,31334,23076,19642,31326,23076,19644,0.97,0.722108
1225640135,1159403919,FB,FB,22682,19693,19888,22676,19706,19896,0.984,0.962417
1225640135,1159403919,FB,FB,23531,22470,20251,23510,22466,20262,0.794,0.835
1225640135,1159403919,FB,FB,27901,21440,18720,27906,21425,18711,0.941,0.957663
1225640135,1159403919,FB,FB,22303,22131,21055,22299,22128,21045,0.623,0.983
1225640135,1159403919,FB,FB,22458,21615,20212,22479,21611,20207,0.78,0.924
1225640135,1159403919,FB,FB,29428,21048,19946,29420,21048,19935,0.931,0.962789
1225640135,1159403919,FB,FB,28108,20245,19206,28095,20263,19213,0.635,0.702
1225640135,1159403919,FB,FB,28399,19216,19171,28397,19199,19177,0.628,0.954
1225640135,1159403919,FB,FB,29050,22213,19100,29039,22202,19103,0.843,0.923711
1225640135,1159403919,FB,FB,28817,20525,19442,28799,20520,19461,0.93,0.787782
1225640135,1159403919,FB,FB,22068,20600,20434,22070,20583,20437,0.971,0.899542
1225640135,1159403919,FB,FB,21462,21567,21312,21469,21563,21324,0.887,0.999213
1225640135,1159403919,FB,FB,22524,21802,20902,22527,21821,20892,0.863,0.812893
1225640135,1159403919,FB,FB,27929,21381,18706,27929,21387,18699,0.935,0.98667
1225640135,1159403919,FB,FB,29685,20462,19960,29691,20461,19945,0.941,0.868143
1225640135,1159403919,FB,FB,20811,20272,19497,20789,20289,19504,0.847,0.706352
1225640135,1159403919,FB,FB,22134,22132,20680,22138,22140,20663,0.824,0.959634
1225640135,1159403919,FB,FB,22709,20581,19972,22723,20579,19978,0.876,0.869784
1225640135,1159403919,FB,FB,23607,21993,20160,23594,21988,20160,0.989,0.91135
1225640135,1159403919,FB,FB,22210,21908,20781,22204,21894,20783,0.926,0.91279
1225640135,1159403919,FB,FB,22709,20705,19968,22694,20709,19958,0.802,0.991
1225640135,1159403919,FB,FB,27744,21915,18798,27755,21916,18822,0.889,0.913688
1225640135,1159403919,FB,FB,23454,22396,20157,23456,22382,20168,0.924,0.892511
1225640135,1159403919,FB,FB,27812,21853,18792,27809,21870,18791,0.9,0.633905
1225640135,1159403919,FB,FB,22448,20545,19964,22437,20562,19953,0.942,0.896998
1225640135,1159403919,FB,FB,22805,21231,19530,22814,21231,19517,0.972,0.973454
1225640135,850182049,FB,FB,24213,20954,19842,24210,20954,19830,0.646,0.689
1225640135,850182049,FB,FB,22719,19647,19855,22712,19633,19852,0.83,0.982372
1225640135,850182049,FB,FB,31175,20622,19020,31175,20625,19037,0.977,0.923624
1225640135,850182049,FB,FB,30907,20662,20150,30918,20659,20156,0.987,0.831015
1225640135,850182049,FB,FB,23833,21589,18791,23849,21573,18785,0.964,0.955499
1225640135,850182049,FB,FB,29309,22388,20320,29321,22396,20326,0.79,0.996
1225640135,850182049,FB,FB,28400,22271,19613,28388,22262,19622,0.717,0.952
1225640135,850182049,FB,FB,30760,20640,20337,30760,20655,20342,0.983,0.919335
1225640135,850182049,FB,FB,29447,20942,20013,29432,20929,20018,0.953,0.964588
1225640135,850182049,FB,FB,23722,18733,18737,23722,18738,18727,0.967,0.628882
1225640135,850182049,FB,FB,29200,21269,19997,29208,21263,19992,0.895,0.990161
1225640135,850182049,FB,FB,22209,19033,19316,22200,19035,19334,0.897,0.433352
1225640135,850182049,FB,FB,30239,20369,20325,30253,20382,20324,0.501,0.406115
1225640135,850182049,FB,FB,28366,22167,19660,28356,22143,19684,0.929,0.905769
1225640135,850182049,FB,FB,29493,21880,20026,29506,21870,20019,0.979,0.979449
1225640135,850182049,FB,FB,22784,19550,19741,22778,19537,19727,0.975,0.966229
5813022925,846991524,FB,FB,27939,21203,19501,27928,21192,19499,0.985,0.982556
5813022925,846991524,FB,FB,22588,22707,20828,22575,22695,20826,0.824,0.957
5813022925,846991524,FB,FB,26521,20650,18798,26537,20645,18808,0.958,0.918113
5813022925,846991524,FB,FB,27991,19881,18954,27988,19876,18963,0.773,0.833
5813022925,846991524,FB,FB,27459,22283,20077,27460,22272,20084,0.962,0.894212
5813022925,846991524,FB,FB,27083,20895,19114,27101,20897,19113,0.829,0.962333
5813022925,846991524,FB,FB,27923,19906,19027,27935,19899,19020,0.675,0.899
5813022925,846991524,FB,FB,27942,19950,19014,27958,19943,19001,0.708,0.75
5813022925,846991524,FB,FB,26965,21497,19387,26957,21504,19384,0.969,0.721222
5813022925,846991524,FB,FB,22233,22159,20586,22242,22167,20594,0.964,0.934167
5813022925,846991524,FB,FB,21097,22023,21334,21107,22026,21339,0.983,0.872744
5813022925,846991524,FB,FB,22597,22613,20660,22587,22621,20664,0.959,0.983259
5813022925,846991524,FB,FB,21665,23586,21490,21679,23584,21466,0.886,0.751728
5813022925,846991524,FB,FB,21048,21952,21307,21058,21942,21307,0.996,0.762758
5813022925,846991524,FB,FB,27277,19456,18359,27277,19456,18340,0.918,0.922978
5813022925,846991524,FB,FB,26621,19705,18301,26636,19717,18293,0.865,0.908172
5813022925,846991524,FB,FB,27967,21443,19460,27974,21435,19474,0.93,0.854771
5813022925,1100788127,FB,FB,24112,19184,18049,24142,19201,18024,0.95,0.648493
5813022925,1100788127,FB,FB,25146,21077,19155,25157,21064,19142,0.869,0.737607
5813022925,1100788127,FB,FB,24408,19413,18217,24399,19400,18231,0.943,0.559132
5813022925,1100788127,FB,FB,25807,19803,17993,25810,19815,17985,0.871,0.729806
5813022925,1100788127,FB,FB,25449,20915,19059,25462,20927,19053,0.603,0.954
5813022925,1100788127,FB,FB,26521,20650,18798,26511,20661,18803,0.958,0.925563
5813022925,1100788127,FB,FB,32202,22938,22524,32203,22956,22511,0.961,0.863711
5813022925,1100788127,FB,FB,25967,21431,19272,25994,21439,19279,0.949,0.737497
5813022925,1100788127,FB,FB,25666,21191,18815,25666,21208,18801,0.627,0.764
5813022925,1100788127,FB,FB,30464,23334,21245,30463,23355,21258,0.98,0.662247
5813022925,1100788127,FB,FB,30284,23963,21739,30277,23960,21732,0.985,0.989458
5813022925,1100788127,FB,FB,32121,23451,22591,32112,23447,22601,0.957,0.672831
5813022925,1100788127,FB,FB,25527,18446,16942,25524,18448,16930,0.819,0.739
5813022925,1100788127,FB,FB,30642,23421,21353,30651,23424,21361,0.802,0.905093
5813022925,1100788127,FB,FB,25567,18516,17044,25557,18521,17036,0.949,0.992288
5813022925,1100788127,FB,FB,31918,22888,22466,31933,22893,22454,0.516,0.448767
5813022925,1100788127,FB,FB,25891,21261,19133,25885,21251,19133,0.899,0.989388
5813022925,1100788127,FB,FB,30760,23514,21957,30769,23518,21945,0.948,0.837759
5813022925,1100788127,FB,FB,30268,24014,21641,30266,24033,21649,0.819,0.66183
5813022925,1100788127,FB,FB,25659,21167,18902,25672,21181,18902,0.91,0.697699
5813022925,1100788127,FB,FB,24972,20849,18916,24981,20854,18936,0.825,0.861299
5813022925,1100788127,FB,FB,30708,23554,21404,30725,23550,21391,0.974,0.899046
5813022925,1100788127,FB,FB,25745,19231,17418,25757,19227,17412,0.955,0.819416
5813022925,1100788127,FB,FB,25674,19205,17438,25668,19190,17432,0.955,0.94466
5813022925,1100788127,FB,FB,30655,24091,21914,30657,24102,21911,0.991,0.998476
5813022925,1100788127,FB,FB,25137,21052,19208,25157,21052,19217,0.501,0.304992
5813022925,1100788127,FB,FB,30744,23289,21209,30758,23304,21208,0.987,0.957407
5813022925,1100788127,FB,FB,25646,20821,18629,25656,20813,18631,0.5,0.465519
5813022925,1100788127,FB,FB,25675,21284,18685,25673,21289,18675,0.946,0.715174
5813022925,1100788127,FB,FB,31661,22965,22130,31647,22962,22120,0.972,0.847684
5813022925,1100788127,FB,FB,24393,19476,18268,24396,19463,18273,0.874,0.450904
5813022925,1100788127,FB,FB,24711,18414,17161,24698,18406,17160,0.956,0.877015
5813022925,1100788127,FB,FB,30842,23432,21399,30855,23406,21405,0.961,0.375035
5813022925,1129396529,FB,FB,22452,19702,19397,22439,19711,19403,0.938,0.990925
5813022925,1129396529,FB,FB,29540,21268,20157,29536,21255,20153,0.922,0.980937
5813022925,1129396529,FB,FB,23318,19608,19631,23298,19600,19615,0.612,0.686
5813022925,1129396529,FB,FB,23321,19893,19705,23314,19883,19715,0.914,0.988599
5813022925,1129396529,FB,FB,29961,22086,19719,29954,22077,19725,0.994,0.965107
5813022925,1129396529,FB,FB,31206,20858,19109,31191,20845,19097,0.822,0.778639
5813022925,1129396529,FB,FB,31271,20522,19460,31269,20502,19469,0.983,0.855154
5813022925,1129396529,FB,FB,30120,21735,19934,30118,21733,19949,0.965,0.745187
5813022925,1129396529,FB,FB,29492,21243,20244,29488,21242,20232,0.968,0.942591
5813022925,1129396529,FB,FB,29269,22683,19850,29278,22673,19834,0.975,0.432954
5813022925,1129396529,FB,FB,29808,21951,19512,29795,21953,19504,0.99,0.999294
5813022925,1129396529,FB,FB,24360,21115,19407,24359,21120,19392,0.987,0.921985
5813022925,1129396529,FB,FB,23241,19804,19643,23252,19816,19631,0.833,0.981527
5813022925,1129396529,FB,FB,23393,19799,19613,23410,19793,19609,0.907,0.989572
5813022925,1129396529,FB,FB,30030,21717,19992,30030,21710,20005,0.963,0.898178
5813022925,1129396529,FB,FB,30637,21112,20989,30655,21120,20992,0.641,0.699
5813022925,1129396529,FB,FB,30028,21720,20269,30022,21701,20250,0.987,0.71642
5813022925,1129396529,FB,FB,30316,20104,20060,30314,20110,20053,0.949,0.881696
5813022925,1129396529,FB,FB,23738,21332,19762,23749,21348,19763,0.91,0.941809
5813022925,1129396529,FB,FB,22459,19717,19557,22468,19727,19552,0.974,0.980341
5813022925,1129396529,FB,FB,24666,21885,20378,24672,21871,20376,0.993,0.949268
5813022925,1129396529,FB,FB,23581,21477,19534,23579,21477,19548,0.887,0.987578
5813022925,1129396529,FB,FB,23066,19926,18857,23053,19943,18849,0.957,0.890325
5813022925,1129396529,FB,FB,29940,22012,19753,29916,22032,19758,0.978,0.958927
5813022925,1129396529,FB,FB,29577,21268,20323,29593,21271,20323,0.942,0.939601
5813022925,755950242,FB,FB,23259,22107,20469,23259,22107,20453,0.776,0.490431
5813022925,755950242,FB,FB,28964,19724,19604,28965,19706,19607,0.888,0.876441
5813022925,755950242,FB,FB,28592,21441,20042,28583,21443,20051,0.934,0.938587
5813022925,755950242,FB,FB,22448,20935,20515,22455,20920,20479,0.928,0.571876
5813022925,755950242,FB,FB,23053,21144,19544,23053,21147,19554,0.909,0.79564
5813022925,755950242,FB,FB,27459,22283,20077,27465,22273,20065,0.962,0.772256
5813022925,755950242,FB,FB,29023,19805,19645,29032,19795,19651,0.892,0.993192
5813022925,755950242,FB,FB,23772,21747,19916,23785,21734,19923,0.691,0.894
5813022925,755950242,FB,FB,29946,19514,19109,29951,19500,19102,0.969,0.851007
5813022925,755950242,FB,FB,27923,19906,19027,27938,19917,19020,0.675,0.955
5813022925,755950242,FB,FB,22864,22722,20570,22865,22722,20586,0.967,0.893223
5813022925,755950242,FB,FB,22304,22170,20575,22311,22177,20589,0.987,0.903639
5813022925,755950242,FB,FB,22597,22613,20660,22580,22609,20664,0.959,0.936342
5813022925,755950242,FB,FB,27942,19950,19014,27951,19938,19014,0.708,0.855
5813022925,755950242,FB,FB,29128,19029,19883,29135,19038,19888,0.973,0.96585
5813022925,755950242,FB,FB,27168,21736,19598,27174,21727,19593,0.933,0.91583
5813022925,755950242,FB,FB,23222,21177,19671,23226,21169,19685,0.924,0.960052
5813022925,755950242,FB,FB,28676,20408,18615,28667,20425,18615,0.617,0.828
5813022925,755950242,FB,FB,29205,20451,19401,29192,20462,19397,0.801,0.96
5813022925,755950242,FB,FB,22608,21306,20387,22611,21317,20399,0.887,0.925827
5813022925,755950242,FB,FB,23355,21258,19716,23346,21238,19712,0.912,0.973576
5813022925,755950242,FB,FB,28246,21489,19831,28265,21490,19833,0.971,0.847307
5813022925,755950242,FB,FB,21810,22693,21326,21820,22704,21326,0.971,0.987041
5813022925,755950242,FB,FB,27207,21413,19533,27219,21413,19528,0.93,0.990399
5813022925,755950242,FB,FB,28741,21429,19557,28765,21440,19543,0.9,0.881
5813022925,755950242,FB,FB,28517,18959,19702,28527,18965,19687,0.645,0.831
5813022925,755950242,FB,FB,28956,20547,19816,28955,20532,19810,0.965,0.867327
5813022925,755950242,FB,FB,23445,22096,20318,23432,22097,20321,0.991,0.97289
5813022925,5813048182,FB,FB,32210,23403,22504,32220,23413,22499,0.68,0.885
5813022925,5813048182,FB,FB,30774,23361,21537,30780,23377,21540,0.565,0.49602
5813022925,5813048182,FB,FB,25860,18591,16537,25854,18589,16524,0.648,0.914
5813022925,5813048182,FB,FB,24345,19423,18271,24355,19420,18283,0.868,0.803645
5813022925,5813048182,FB,FB,25825,18572,16554,25844,18578,16525,0.844,0.942799
5813022925,5813048182,FB,FB,32121,23451,22591,32124,23454,22601,0.957,0.805882
5813022925,5813048182,FB,FB,30642,23421,21353,30652,23422,21375,0.802,0.713376
5813022925,5813048182,FB,FB,25668,21291,19260,25680,21302,19267,0.776,0.452874
5813022925,5813048182,FB,FB,31918,22888,22466,31912,22888,22440,0.516,0.352644
5813022925,5813048182,FB,FB,30268,24014,21641,30263,24023,21627,0.819,0.827883
5813022925,5813048182,FB,FB,31523,22840,22178,31523,22840,22160,0.988,0.971394
5813022925,5813048182,FB,FB,25498,20522,18603,25489,20530,18613,0.946,0.62696
5813022925,5813048182,FB,FB,31188,23844,21940,31188,23856,21933,0.976,0.962837
5813022925,5813048182,FB,FB,25674,19205,17438,25678,19196,17451,0.955,0.960085
5813022925,5813048182,FB,FB,25745,19231,17418,25753,19241,17412,0.955,0.904746
5813022925,5813048182,FB,FB,31580,24138,22545,31587,24129,22537,0.972,0.952653
5813022925,5813048182,FB,FB,31934,22753,22454,31937,22760,22447,0.908,0.763399
5813022925,5813048182,FB,FB,31661,22965,22130,31676,22982,22120,0.972,0.617211
5813022925,5813048182,FB,FB,25469,20818,18526,25466,20809,18527,0.943,0.974215
5813022925,5813048182,FB,FB,24393,19476,18268,24356,19484,18276,0.874,0.483525
5813022925,5813048182,FB,FB,31432,24286,22650,31458,24294,22643,0.936,0.937454
5813022925,5813048182,FB,FB,31634,24121,22618,31638,24128,22626,0.974,0.904637
5813022925,5813048182,FB,FB,25612,20622,19022,25616,20638,19015,0.973,0.461699
5813022925,850182049,ICL(L),ICL(L),31375,20468,19223,31375,20478,19223,0.94,0.675268
5813022925,850182049,FB,FB,28630,21384,20026,28622,21389,20038,0.948,0.804157
5813022925,850182049,FB,FB,29961,22086,19719,29961,22067,19708,0.994,0.884206
5813022925,850182049,FB,FB,29629,21348,19998,29612,21354,19982,0.97,0.882956
5813022925,850182049,FB,FB,30598,21264,20877,30601,21266,20861,0.971,0.965902
5813022925,850182049,FB,FB,24702,21615,19894,24682,21598,19894,0.879,0.981377
5813022925,850182049,FB,FB,23739,21571,19860,23746,21578,19863,0.987,0.886057
5813022925,850182049,ICL(L),ICL(L),31504,20475,19169,31499,20487,19175,0.97,0.922809
5813022925,850182049,FB,FB,31271,20522,19460,31286,20528,19469,0.983,0.886029
5813022925,850182049,FB,FB,22996,19580,19116,22991,19590,19123,0.919,0.973188
5813022925,850182049,FB,FB,23241,19804,19643,23235,19807,19631,0.833,0.927563
5813022925,850182049,FB,FB,23371,20974,19844,23401,20974,19839,0.78,0.558
5813022925,850182049,FB,FB,30317,20178,20109,30328,20170,20115,0.984,0.62666
5813022925,850182049,FB,FB,30723,21875,20952,30728,21868,20940,0.581,0.467037
5813022925,850182049,FB,FB,28518,22300,20295,28515,22296,20299,0.965,0.774169
5813022925,850182049,FB,FB,23222,21177,19671,23209,21164,19668,0.924,0.818265
5813022925,850182049,FB,FB,30408,21451,19935,30411,21452,19947,0.963,0.787517
5813022925,850182049,FB,FB,23355,21258,19716,23366,21260,19712,0.912,0.997611
5813022925,850182049,FB,FB,23262,19358,19555,23281,19356,19547,0.54,0.198293
5813022925,850182049,FB,FB,23536,20864,18586,23536,20845,18595,0.94,0.936932
5813022925,850182049,FB,FB,23751,20924,18520,23746,20922,18509,0.901,0.947359
5813022925,850182049,FB,FB,23529,20810,18571,23529,20810,18590,0.814,0.945731
5813022925,850182049,FB,FB,23455,21345,19580,23450,21334,19584,0.919,0.948603
5813022925,850182049,FB,FB,30669,21883,20829,30682,21872,20826,0.975,0.883933
5813022925,850182049,FB,FB,29940,22012,19753,29957,22007,19748,0.978,0.996583
5813022925,850182049,FB,FB,23340,19992,18652,23334,19996,18643,0.707,0.956
5813022925,850182049,FB,FB,23519,21202,19741,23502,21207,19742,0.77,0.737
5813022925,850182049,FB,FB,23377,20159,18499,23384,20174,18504,0.512,0.419428
5813022925,786994048,FB,FB,28964,19724,19604,28975,19724,19590,0.888,0.86202
5813022925,786994048,FB,FB,22448,20935,20515,22445,20929,20531,0.928,0.920256
5813022925,786994048,FB,FB,22413,20976,20321,22400,20991,20317,0.743,0.982
5813022925,786994048,FB,FB,28449,21004,18829,28462,21009,18818,0.92,0.85409
5813022925,786994048,FB,FB,28483,20396,19567,28491,20396,19578,0.713,0.919
5813022925,786994048,FB,FB,21606,20639,20327,21610,20649,20313,0.98,0.998639
5813022925,786994048,FB,FB,29051,19812,19610,29055,19800,19603,0.814,0.951095
5813022925,786994048,FB,FB,28349,20785,18969,28361,20785,18959,0.952,0.820832
5813022925,786994048,FB,FB,22304,22170,20575,22297,22161,20582,0.987,0.709717
5813022925,786994048,FB,FB,22233,22159,20586,22230,22143,20594,0.964,0.992739
5813022925,786994048,FB,FB,28216,21528,19808,28207,21505,19802,0.951,0.815299
5813022925,786994048,FB,FB,20982,22012,21476,20975,22016,21479,0.819,0.837249
5813022925,786994048,FB,FB,22331,22098,20573,22304,22123,20577,0.601,0.961
5813022925,786994048,FB,FB,29348,19191,19842,29347,19224,19857,0.961,0.293409
5813022925,786994048,FB,FB,29002,20953,19822,29013,20955,19829,0.932,0.855319
5813022925,786994048,FB,FB,30316,20104,20060,30305,20092,20053,0.949,0.973992
5813022925,786994048,FB,FB,28676,20408,18615,28706,20405,18615,0.617,0.847
5813022925,786994048,FB,FB,29164,20459,19437,29173,20458,19424,0.958,0.703454
5813022925,786994048,FB,FB,28246,21489,19831,28246,21478,19821,0.971,0.922122
5813022925,786994048,FB,FB,29419,19312,19838,29427,19301,19834,0.641,0.912
5813022925,786994048,FB,FB,22182,21636,20310,22198,21622,20310,0.545,0.431795
5813022925,786994048,FB,FB,30069,19825,20195,30063,19834,20194,0.904,0.916467
5813022925,786994048,FB,FB,27967,21443,19460,27956,21445,19466,0.93,0.966664
5813022925,786994048,FB,FB,22624,20497,19712,22606,20506,19716,0.989,0.989622
5813022925,786994048,FB,FB,28517,18959,19702,28508,18964,19687,0.645,0.99
5813022925,786994048,FB,FB,22623,20571,19781,22604,20571,19783,0.717,0.841
5813022925,786994048,FB,FB,29382,19271,19865,29386,19266,19847,0.673,0.968
5813022925,786994048,FB,FB,22268,20949,20206,22276,20947,20189,0.904,0.848597
5813022925,786994048,FB,FB,22790,21393,20348,22785,21405,20356,0.954,0.974635
5813022925,786994048,FB,FB,22398,20941,20214,22395,20948,20209,0.981,0.895704
5813022925,786994048,FB,FB,22383,22276,20630,22388,22289,20649,0.889,0.896227
5813022925,1100797044,FB,FB,25807,19803,17993,25809,19826,18008,0.871,0.742327
5813022925,1100797044,FB,FB,20235,23061,22290,20229,23049,22299,0.7,0.953
5813022925,1100797044,FB,FB,21687,24506,21821,21664,24512,21827,0.802,0.873
5813022925,1100797044,FB,FB,26389,18557,16623,26361,18552,16634,0.979,0.723783
5813022925,1100797044,FB,FB,25421,20849,19040,25427,20840,19027,0.811,0.855073
5813022925,1100797044,FB,FB,25967,21431,19272,25974,21422,19282,0.949,0.936828
5813022925,1100797044,FB,FB,20886,25002,22538,20868,24991,22544,0.898,0.842339
5813022925,1100797044,FB,FB,25860,18591,16537,25847,18603,16524,0.648,0.847
5813022925,1100797044,FB,FB,25825,18572,16554,25823,18570,16541,0.844,0.757033
5813022925,1100797044,FB,FB,26452,19816,17923,26450,19803,17928,0.98,0.804166
5813022925,1100797044,FB,FB,25666,21191,18815,25666,21188,18801,0.627,0.794
5813022925,1100797044,FB,FB,19799,23186,22593,19819,23174,22599,0.822,0.940326
5813022925,1100797044,FB,FB,20425,22753,22134,20418,22760,22137,0.978,0.888842
5813022925,1100797044,FB,FB,20243,23427,22275,20274,23422,22293,0.852,0.970817
5813022925,1100797044,FB,FB,26935,18661,17414,26937,18658,17429,0.943,0.939449
5813022925,1100797044,FB,FB,26369,20861,19005,26345,20858,19006,0.641,0.753
5813022925,1100797044,FB,FB,27369,18706,17591,27383,18708,17585,0.796,0.95
5813022925,1100797044,FB,FB,20388,23875,22258,20387,23863,22263,0.94,0.814457
5813022925,1100797044,FB,FB,20012,22755,22540,20014,22744,22549,0.82,0.994072
5813022925,1100797044,FB,FB,25567,18516,17044,25575,18524,17036,0.949,0.957399
5813022925,1100797044,FB,FB,20212,22863,22436,20208,22856,22425,0.934,0.86119
5813022925,1100797044,FB,FB,26223,20459,18729,26248,20476,18732,0.977,0.3634
5813022925,1100797044,FB,FB,27225,18674,17591,27216,18688,17578,0.826,0.921
5813022925,1100797044,FB,FB,25891,21261,19133,25906,21252,19133,0.899,0.934806
5813022925,1100797044,FB,FB,26600,19716,18214,26616,19713,18204,0.833,0.982648
5813022925,1100797044,FB,FB,20720,23996,22184,20708,23985,22194,0.946,0.968117
5813022925,1100797044,FB,FB,27341,19428,18485,27353,19440,18487,0.888,0.976303
5813022925,1100797044,FB,FB,25498,20522,18603,25492,20515,18613,0.946,0.979169
5813022925,1100797044,FB,FB,21747,24539,21879,21747,24533,21861,0.923,0.985405
5813022925,1100797044,FB,FB,25659,21167,18902,25662,21160,18914,0.91,0.958854
5813022925,1100797044,FB,FB,20612,24115,22185,20626,24102,22187,0.983,0.953388
5813022925,1100797044,FB,FB,25655,20969,18717,25649,20975,18728,0.914,0.830404
5813022925,1100797044,FB,FB,26253,20333,18500,26260,20333,18489,0.894,0.858135
5813022925,1100797044,FB,FB,26232,20446,18669,26220,20453,18658,0.735,0.755
5813022925,1100797044,FB,FB,20413,23765,22267,20400,23768,22271,0.976,0.990728
5813022925,1100797044,FB,FB,22197,23920,21444,22197,23920,21458,0.963,0.982661
5813022925,1100797044,FB,FB,26379,19840,17713,26362,19818,17704,0.939,0.873898
5813022925,1100797044,FB,FB,25847,19705,17876,25861,19710,17866,0.952,0.921798
5813022925,1100797044,FB,FB,21009,24935,22342,21013,24921,22325,0.87,0.807984
5813022925,1100797044,FB,FB,25274,20225,18433,25285,20230,18427,0.902,0.991815
5813022925,1100797044,FB,FB,20300,23408,22292,20301,23441,22281,0.911,0.739048
5813022925,1067331159,ICL(L),ICL(L),31375,20468,19223,31375,20471,19233,0.94,0.675137
5813022925,1067331159,FB,FB,28592,21441,20042,28596,21439,20051,0.934,0.97862
5813022925,1067331159,FB,FB,23318,19608,19631,23317,19608,19615,0.612,0.998
5813022925,1067331159,FB,FB,23294,21323,20083,23284,21325,20074,0.966,0.905366
5813022925,1067331159,FB,FB,23753,21914,19706,23749,21910,19700,0.686,0.913
5813022925,1067331159,FB,FB,30119,22106,20394,30115,22110,20408,0.89,0.999779
5813022925,1067331159,FB,FB,23719,22460,20558,23735,22443,20579,0.559,0.287032
5813022925,1067331159,FB,FB,23739,21571,19860,23749,21565,19863,0.987,0.777762
5813022925,1067331159,ICL(L),ICL(L),31504,20475,19169,31514,20484,19175,0.97,0.900273
5813022925,1067331159,FB,FB,30170,22174,20482,30153,22161,20476,0.791,0.735
5813022925,1067331159,FB,FB,31271,20522,19460,31273,20505,19456,0.983,0.744509
5813022925,1067331159,FB,FB,30353,21938,20632,30343,21949,20638,0.974,0.951256
5813022925,1067331159,FB,FB,29492,21243,20244,29494,21230,20242,0.968,0.931556
5813022925,1067331159,FB,FB,30330,21991,20617,30341,21979,20614,0.916,0.826315
5813022925,1067331159,FB,FB,30030,21717,19992,30018,21722,19997,0.963,0.952296
5813022925,1067331159,FB,FB,23300,19466,19608,23286,19468,19613,0.939,0.841491
5813022925,1067331159,FB,FB,23371,20974,19844,23377,20962,19839,0.78,0.967
5813022925,1067331159,FB,FB,30317,20178,20109,30318,20178,20131,0.984,0.94406
5813022925,1067331159,FB,FB,28518,22300,20295,28513,22309,20299,0.965,0.762043
5813022925,1067331159,FB,FB,30408,21451,19935,30401,21451,19939,0.963,0.982049
5813022925,1067331159,FB,FB,23355,21258,19716,23362,21250,19724,0.912,0.992297
5813022925,1067331159,FB,FB,22533,20553,19992,22522,20552,20000,0.847,0.890461
5813022925,1067331159,FB,FB,24502,21285,19615,24499,21306,19620,0.643,0.95
5813022925,1067331159,FB,FB,23455,21345,19580,23456,21333,19567,0.919,0.961822
5813022925,1067331159,FB,FB,23377,20159,18499,23390,20159,18504,0.512,0.496768
5813022925,1067331159,FB,FB,22558,20811,20121,22546,20814,20113,0.961,0.861092
5813022925,1067331159,FB,FB,29577,21268,20323,29568,21253,20323,0.942,0.94958
5813022925,1067331159,FB,FB,23783,21839,19713,23781,21852,19703,0.978,0.862719
5813022925,1413813658,FB,FB,26452,19816,17923,26439,19814,17928,0.98,0.973769
5813022925,1413813658,FB,FB,27225,18674,17591,27220,18667,17578,0.826,0.982
5813022925,1413813658,FB,FB,20235,23061,22290,20222,23063,22286,0.7,0.977
5813022925,1413813658,FB,FB,27023,19562,18409,27021,19548,18396,0.945,0.971244
5813022925,1413813658,FB,FB,19799,23186,22593,19802,23187,22576,0.822,0.969906
5813022925,1413813658,FB,FB,20243,23427,22275,20240,23409,22282,0.852,0.930959
5813022925,1413813658,FB,FB,27369,18706,17591,27364,18695,17559,0.796,0.684
5813022925,1413813658,FB,FB,26123,19865,18024,26111,19842,18014,0.766,0.697
5813022925,1413813658,FB,FB,21317,24558,21699,21328,24549,21700,0.88,0.698611
5813022925,1413813658,FB,FB,21031,24954,22464,21021,24951,22481,0.92,0.979396
5813022925,1413813658,FB,FB,20612,24115,22185,20619,24107,22198,0.983,0.853855
5813022925,1413813658,FB,FB,26232,20446,18669,26233,20464,18673,0.735,0.734
5813022925,1413813658,FB,FB,26379,19840,17713,26358,19849,17704,0.939,0.976481
5813022925,1413813658,FB,FB,25847,19705,17876,25857,19701,17884,0.952,0.955199
5813022925,1413813658,FB,FB,21998,23909,21619,22001,23914,21606,0.955,0.94258
5813022925,1413813658,FB,FB,21009,24935,22342,21026,24935,22347,0.87,0.882238
5813022925,1413813658,FB,FB,25916,20013,17949,25903,20025,17953,0.957,0.983427
5813022925,1413813658,FB,FB,21960,23955,21614,21976,23954,21616,0.855,0.818
5813022925,1413813658,FB,FB,21538,23264,21331,21524,23274,21322,0.831,0.708
5813022925,1413813658,FB,FB,26111,18565,16494,26098,18554,16498,0.976,0.97526
5813022925,1413813658,FB,FB,20708,24128,22215,20714,24128,22228,0.9,0.852804
5813022925,1413813658,FB,FB,20300,23408,22292,20292,23414,22286,0.911,0.950137
5813022925,1384277275,FB,FB,24408,19413,18217,24397,19407,18217,0.943,0.710068
5813022925,1384277275,FB,FB,25449,20915,19059,25451,20928,19042,0.603,0.869
5813022925,1384277275,FB,FB,25421,20849,19040,25407,20843,19012,0.811,0.754758
5813022925,1384277275,FB,FB,25967,21431,19272,25950,21419,19279,0.949,0.925797
5813022925,1384277275,FB,FB,30464,23334,21245,30473,23334,21233,0.98,0.890726
5813022925,1384277275,FB,FB,30973,22391,21409,30965,22397,21408,0.724,0.843
5813022925,1384277275,FB,FB,30820,21615,21219,30830,21615,21220,0.953,0.990772
5813022925,1384277275,FB,FB,30752,22916,21377,30758,22909,21361,0.984,0.711418
5813022925,1384277275,FB,FB,31903,22739,22548,31910,22735,22548,0.864,0.704044
5813022925,1384277275,FB,FB,31708,23019,22163,31689,23024,22152,0.618,0.766
5813022925,1384277275,FB,FB,31918,22888,22466,31923,22883,22454,0.516,0.475542
5813022925,1384277275,FB,FB,31073,23152,20004,31078,23145,20008,0.981,0.897547
5813022925,1384277275,FB,FB,31078,21684,21361,31100,21672,21380,0.921,0.805961
5813022925,1384277275,FB,FB,31193,22619,21573,31183,22614,21576,0.926,0.874492
5813022925,1384277275,FB,FB,30327,23208,21207,30337,23209,21198,0.962,0.92269
5813022925,1384277275,FB,FB,24972,20849,18916,24972,20835,18920,0.825,0.863129
5813022925,1384277275,FB,FB,25137,21052,19208,25148,21043,19227,0.501,0.426038
5813022925,1384277275,FB,FB,29893,23287,21117,29905,23302,21116,0.95,0.869166
5813022925,1384277275,FB,FB,25646,20821,18629,25638,20813,18631,0.5,0.459546
5813022925,1384277275,FB,FB,30748,22613,21320,30762,22621,21324,0.981,0.943337
5813022925,1384277275,FB,FB,31934,22753,22454,31938,22760,22460,0.908,0.878507
5813022925,1384277275,FB,FB,24393,19476,18268,24404,19468,18283,0.874,0.468922
5813022925,1384277275,FB,FB,30898,22340,21440,30911,22342,21448,0.546,0.336074
5813022925,1384277275,FB,FB,24437,21034,19292,24447,21047,19294,0.978,0.78371
5813022925,1384277275,FB,FB,30829,22017,21458,30844,22013,21450,0.918,0.960894
5813022925,941840616,FB,FB,23838,19999,18919,23833,20009,18930,0.628,0.887
5813022925,941840616,FB,FB,29981,22826,20883,29989,22840,20876,0.982,0.764026
5813022925,941840616,FB,FB,30816,22256,21199,30830,22276,21202,0.614,0.486
5813022925,941840616,FB,FB,23608,19672,18909,23612,19649,18912,0.989,0.807263
5813022925,941840616,FB,FB,25650,21048,18901,25657,21048,18921,0.822,0.629
5813022925,941840616,FB,FB,31032,23162,19918,31038,23161,19905,0.839,0.768046
5813022925,941840616,FB,FB,23727,20108,18929,23710,20115,18917,0.928,0.434352
5813022925,941840616,FB,FB,30973,22391,21409,30977,22405,21418,0.724,0.434
5813022925,941840616,FB,FB,31206,20858,19109,31215,20852,19122,0.822,0.967757
5813022925,941840616,FB,FB,23573,19544,18862,23590,19545,18843,0.909,0.569271
5813022925,941840616,FB,FB,31078,21684,21361,31072,21666,21380,0.921,0.796616
5813022925,941840616,FB,FB,30389,21919,20693,30384,21928,20705,0.976,0.928284
5813022925,941840616,FB,FB,30708,23554,21404,30707,23537,21409,0.974,0.908566
5813022925,941840616,FB,FB,30327,23208,21207,30322,23211,21198,0.962,0.951745
5813022925,941840616,FB,FB,24998,21139,19256,24997,21160,19271,0.955,0.749718
5813022925,941840616,FB,FB,23187,19802,18852,23205,19766,18855,0.93,0.868362
5813022925,941840616,FB,FB,25137,21052,19208,25141,21070,19217,0.501,0.32217
5813022925,941840616,FB,FB,30926,21881,21404,30927,21900,21405,0.923,0.402457
5813022925,941840616,FB,FB,30859,23168,21284,30870,23172,21286,0.953,0.734354
5813022925,941840616,FB,FB,23744,19966,18938,23727,19975,18934,0.977,0.976169
5813022925,941840616,FB,FB,23751,20924,18520,23732,20927,18515,0.901,0.962612
5813022925,941840616,FB,FB,23529,20810,18571,23517,20780,18551,0.814,0.766955
5813022925,941840616,FB,FB,23902,19926,18941,23895,19912,18944,0.677,0.654
5813022925,941840616,FB,FB,31004,22402,21341,31014,22408,21330,0.911,0.912091
5813022925,941840616,FB,FB,24437,21034,19292,24436,21039,19275,0.978,0.99064
5813022925,941840616,FB,FB,28500,22952,20613,28513,22956,20611,0.933,0.97256
5813022925,941840616,FB,FB,23377,20159,18499,23377,20138,18492,0.512,0.450516
5813022925,1446234552,FB,FB,27225,18674,17591,27236,18660,17581,0.826,0.874
5813022925,1446234552,FB,FB,26521,20650,18798,26523,20665,18789,0.958,0.821929
5813022925,1446234552,FB,FB,27848,19210,17679,27834,19210,17673,0.963,0.982299
5813022925,1446234552,FB,FB,19799,23186,22593,19811,23193,22599,0.822,0.928138
5813022925,1446234552,FB,FB,27369,18706,17591,27371,18721,17585,0.796,0.997
5813022925,1446234552,FB,FB,22466,23142,21388,22458,23140,21410,0.919,0.741474
5813022925,1446234552,FB,FB,20012,22755,22540,20019,22758,22545,0.82,0.907844
5813022925,1446234552,FB,FB,21511,24276,21902,21501,24276,21903,0.978,0.907294
5813022925,1446234552,FB,FB,27341,19428,18485,27342,19431,18500,0.888,0.94736
5813022925,1446234552,FB,FB,27277,19456,18359,27273,19476,18365,0.918,0.954069
5813022925,1446234552,FB,FB,26574,20712,18607,26587,20716,18606,0.925,0.967587
5813022925,1446234552,FB,FB,21783,24022,21470,21777,24016,21461,0.989,0.856736
5813022925,1446234552,FB,FB,22197,23920,21444,22186,23926,21447,0.963,0.994734
5813022925,1446234552,FB,FB,27207,21413,19533,27209,21402,19540,0.93,0.952947
5813022925,1446234552,FB,FB,21369,24408,21935,21355,24395,21946,0.96,0.98073
5813022925,1446234552,FB,FB,28602,18984,19671,28597,18994,19676,0.947,0.985349
5813022925,1446234552,FB,FB,28517,18959,19702,28495,18976,19699,0.645,0.813
5813022925,1446234552,FB,FB,21538,23264,21331,21554,23272,21322,0.831,0.88
5813022925,1446234552,FB,FB,20300,23408,22292,20293,23408,22297,0.911,0.836912
5813022925,664978073,FB,FB,22451,21038,20258,22441,21033,20252,0.885,0.821
5813022925,664978073,FB,FB,22864,22722,20570,22870,22729,20575,0.967,0.955006
5813022925,664978073,FB,FB,21293,20978,20669,21295,20983,20654,0.853,0.494982
5813022925,664978073,FB,FB,23719,22460,20558,23721,22466,20543,0.559,0.457822
5813022925,664978073,FB,FB,23718,21649,19877,23713,21631,19886,0.979,0.871557
5813022925,664978073,FB,FB,21221,21410,21145,21230,21421,21128,0.646,0.310043
5813022925,664978073,FB,FB,21737,20551,19592,21737,20544,19604,0.603,0.741
5813022925,664978073,FB,FB,23663,22557,20710,23645,22556,20708,0.978,0.923781
5813022925,664978073,FB,FB,28230,21747,19923,28234,21737,19920,0.954,0.965876
5813022925,664978073,FB,FB,21657,20821,20435,21677,20817,20432,0.98,0.821627
5813022925,664978073,FB,FB,28778,20133,18782,28752,20146,18776,0.883,0.670962
5813022925,664978073,FB,FB,22304,22170,20575,22288,22170,20582,0.987,0.966567
5813022925,664978073,FB,FB,29128,19029,19883,29122,19034,19888,0.973,0.985242
5813022925,664978073,FB,FB,29002,20953,19822,29039,20960,19801,0.932,0.715893
5813022925,664978073,FB,FB,28887,20893,19827,28879,20929,19866,0.907,0.626225
5813022925,664978073,FB,FB,28801,20314,18606,28801,20302,18601,0.724,0.79
5813022925,664978073,FB,FB,22533,20553,19992,22524,20554,19984,0.847,0.822594
5813022925,664978073,FB,FB,27223,21506,19517,27213,21522,19507,0.976,0.873081
5813022925,664978073,FB,FB,29389,19402,19751,29400,19391,19752,0.897,0.981024
5813022925,664978073,FB,FB,23435,22302,20269,23421,22315,20260,0.91,0.959307
5813022925,664978073,FB,FB,28956,20547,19816,28965,20525,19816,0.965,0.877183
5813022925,664978073,FB,FB,22398,20941,20214,22387,20935,20198,0.981,0.796411
5813022925,664978073,FB,FB,22268,20949,20206,22272,20937,20197,0.904,0.910168
5813022925,664978073,FB,FB,22383,22276,20630,22363,22276,20633,0.889,0.751669
5813022925,664978073,FB,FB,23833,21800,19803,23831,21787,19804,0.755,0.807
5813022925,664978073,FB,FB,23783,21839,19713,23772,21818,19709,0.978,0.840197
5813022925,818796911,FB,FB,22205,22589,21108,22187,22598,21098,0.7,0.612
5813022925,818796911,FB,FB,27939,21203,19501,27943,21187,19499,0.985,0.759437
5813022925,818796911,FB,FB,27980,22294,20005,27980,22286,20018,0.707,0.749
5813022925,818796911,FB,FB,21097,22023,21334,21100,22031,21329,0.983,0.907706
5813022925,818796911,FB,FB,21040,22122,21311,21049,22115,21295,0.83,0.457158
5813022925,818796911,FB,FB,23719,22460,20558,23703,22461,20557,0.559,0.47456
5813022925,818796911,FB,FB,22542,23309,21394,22541,23317,21385,0.985,0.764376
5813022925,818796911,FB,FB,22508,23347,21401,22515,23350,21387,0.605,0.624
5813022925,818796911,FB,FB,27083,20895,19114,27063,20921,19113,0.829,0.440924
5813022925,818796911,FB,FB,27508,21679,19780,27524,21687,19769,0.663,0.924
5813022925,818796911,FB,FB,25891,21261,19133,25891,21270,19148,0.899,0.994416
5813022925,818796911,FB,FB,22233,22159,20586,22224,22164,20594,0.964,0.951547
5813022925,818796911,FB,FB,22597,22613,20660,22587,22621,20651,0.959,0.945957
5813022925,818796911,FB,FB,28216,21528,19808,28195,21512,19802,0.951,0.802882
5813022925,818796911,FB,FB,21054,21336,21226,21036,21336,21225,0.687,0.711
5813022925,818796911,FB,FB,20982,22012,21476,20986,22028,21479,0.819,0.820528
5813022925,818796911,FB,FB,21048,21952,21307,21051,21950,21295,0.996,0.720417
5813022925,818796911,FB,FB,28676,20408,18615,28690,20422,18609,0.617,0.928
5813022925,818796911,FB,FB,21119,21110,21226,21129,21109,21221,0.947,0.754662
5813022925,818796911,FB,FB,20856,22103,21631,20879,22118,21630,0.969,0.84036
5813022925,818796911,FB,FB,21810,22693,21326,21794,22720,21315,0.971,0.630556
5813022925,818796911,FB,FB,27967,21443,19460,27977,21465,19466,0.93,0.778347
5813022925,818796911,FB,FB,28602,18984,19671,28614,18997,19661,0.947,0.778952
5813022925,818796911,FB,FB,28517,18959,19702,28509,18950,19687,0.645,0.966
5813022925,818796911,FB,FB,22383,22276,20630,22379,22284,20633,0.889,0.996032
5813022925,818796911,FB,FB,21916,22535,21186,21922,22535,21179,0.975,0.999014
5813022925,1159403919,FB,FB,23547,22186,20464,23531,22188,20492,0.749,0.912
5813022925,1159403919,FB,FB,22448,20935,20515,22458,20928,20517,0.928,0.864319
5813022925,1159403919,FB,FB,22785,21364,20093,22780,21359,20077,0.933,0.806367
5813022925,1159403919,FB,FB,23294,21323,20083,23293,21313,20074,0.966,0.949113
5813022925,1159403919,FB,FB,22413,20976,20321,22404,20979,20332,0.743,0.998
5813022925,1159403919,FB,FB,21741,22065,19697,21743,22077,19701,0.827,0.879
5813022925,1159403919,FB,FB,23055,21689,20140,23062,21706,20128,0.921,0.969787
5813022925,1159403919,FB,FB,27508,21679,19780,27517,21690,19787,0.663,0.731
5813022925,1159403919,FB,FB,29023,19805,19645,29031,19794,19623,0.892,0.807057
5813022925,1159403919,FB,FB,29051,19812,19610,29038,19800,19620,0.814,0.958299
5813022925,1159403919,FB,FB,23185,21717,20060,23186,21719,20074,0.984,0.91504
5813022925,1159403919,FB,FB,23663,22557,20710,23650,22557,20724,0.978,0.979163
5813022925,1159403919,FB,FB,21626,22193,19573,21639,22191,19594,0.772,0.75
5813022925,1159403919,FB,FB,29348,19191,19842,29351,19189,19830,0.961,0.976775
5813022925,1159403919,FB,FB,29685,19948,19510,29674,19915,19523,0.761,0.758
5813022925,1159403919,FB,FB,22177,21587,20282,22189,21600,20284,0.937,0.990883
5813022925,1159403919,FB,FB,28887,20893,19827,28885,20909,19834,0.907,0.92149
5813022925,1159403919,FB,FB,28964,20218,19698,28973,20222,19704,0.971,0.747074
5813022925,1159403919,FB,FB,28741,21429,19557,28730,21429,19543,0.9,0.961
5813022925,1159403919,FB,FB,29564,19368,19781,29569,19344,19786,0.923,0.830324
5813022925,1159403919,FB,FB,28544,20416,18894,28550,20413,18899,0.839,0.991524
5813022925,1159403919,FB,FB,22624,20497,19712,22611,20496,19722,0.989,0.998052
5813022925,1159403919,FB,FB,28956,20547,19816,28941,20547,19816,0.965,0.930527
5813022925,1159403919,FB,FB,28937,20611,19838,28927,20603,19830,0.889,0.978433
5813022925,1159403919,FB,FB,23445,22096,20318,23438,22103,20305,0.991,0.907284
5813022925,1159403919,FB,FB,28402,20522,19120,28395,20517,19110,0.934,0.684262
5813022925,1159403919,FB,FB,23272,21073,20077,23262,21061,20080,0.875,0.994144
5813022925,1159403919,FB,FB,22790,21393,20348,22804,21388,20354,0.954,0.963662
5813022925,1159403919,FB,FB,23519,21202,19741,23516,21206,19753,0.77,0.636
5813022925,1159403919,FB,FB,23184,22061,20367,23192,22051,20377,0.832,0.843624
5813022925,1132150724,FB,FB,24112,19184,18049,24110,19163,18041,0.95,0.687579
5813022925,1132150724,FB,FB,30920,23050,21411,30916,23026,21420,0.937,0.531212
5813022925,1132150724,FB,FB,24213,18974,18008,24206,18982,18011,0.96,0.998711
5813022925,1132150724,FB,FB,30389,21919,20693,30385,21904,20705,0.976,0.907663
5813022925,1132150724,FB,FB,23727,20108,18929,23721,20113,18935,0.928,0.969929
5813022925,1132150724,FB,FB,30865,22246,21354,30870,22246,21360,0.986,0.994859
5813022925,1132150724,FB,FB,30973,22391,21409,30961,22389,21426,0.724,0.783
5813022925,1132150724,FB,FB,30464,23334,21245,30460,23342,21233,0.98,0.810649
5813022925,1132150724,FB,FB,24702,21615,19894,24711,21605,19882,0.879,0.8785
5813022925,1132150724,FB,FB,30820,21615,21219,30822,21604,21226,0.953,0.985895
5813022925,1132150724,FB,FB,23573,19544,18862,23573,19546,18843,0.909,0.85321
5813022925,1132150724,FB,FB,22996,19580,19116,23004,19585,19123,0.919,0.977247
5813022925,1132150724,FB,FB,25668,21291,19260,25678,21287,19267,0.776,0.315283
5813022925,1132150724,FB,FB,30353,21938,20632,30343,21933,20617,0.974,0.89225
5813022925,1132150724,FB,FB,25133,21067,18698,25143,21078,18708,0.679,0.984
5813022925,1132150724,FB,FB,24360,21115,19407,24352,21120,19406,0.987,0.725157
5813022925,1132150724,FB,FB,23905,18666,18777,23896,18674,18780,0.995,0.977113
5813022925,1132150724,FB,FB,31523,22840,22178,31536,22833,22175,0.988,0.836011
5813022925,1132150724,FB,FB,30327,23208,21207,30288,23186,21235,0.962,0.828389
5813022925,1132150724,FB,FB,24220,18862,16702,24231,18857,16690,0.939,0.892085
5813022925,1132150724,FB,FB,24972,20849,18916,24982,20838,18911,0.825,0.856607
5813022925,1132150724,FB,FB,24290,18651,16834,24295,18640,16822,0.986,0.990679
5813022925,1132150724,FB,FB,24998,21139,19256,25000,21151,19253,0.955,0.762167
5813022925,1132150724,FB,FB,23844,20554,18709,23856,20563,18712,0.536,0.462257
5813022925,1132150724,FB,FB,25137,21052,19208,25113,21053,19220,0.501,0.44318
5813022925,1132150724,FB,FB,24502,21285,19615,24510,21294,19602,0.643,0.872
5813022925,1132150724,FB,FB,30965,21849,21350,30980,21851,21348,0.988,0.945612
5813022925,1132150724,FB,FB,24393,19476,18268,24387,19498,18273,0.874,0.487221
5813022925,1132150724,FB,FB,30898,22340,21440,30906,22336,21461,0.546,0.338313
5813022925,1132150724,FB,FB,24389,21013,19280,24382,21028,19265,0.606,0.569
5813022925,1132150724,FB,FB,23833,20194,18685,23833,20194,18697,0.933,0.752952
5813022925,1132150724,FB,FB,23377,20159,18499,23393,20145,18491,0.512,0.432657
5813022925,1132150724,FB,FB,30829,22017,21458,30834,22029,21465,0.918,0.984221
5813022925,1132150724,FB,FB,23776,20121,18672,23772,20122,18682,0.988,0.854765
5813022925,1132150724,FB,FB,30799,21693,21295,30787,21682,21257,0.889,0.539164
5813022925,1192606191,FB,FB,28592,21441,20042,28602,21460,20033,0.934,0.5474
5813022925,1192606191,FB,FB,23727,20108,18929,23717,20102,18929,0.928,0.995616
5813022925,1192606191,FB,FB,23753,21914,19706,23745,21926,19700,0.686,0.984
5813022925,1192606191,FB,FB,29961,22086,19719,29965,22089,19738,0.994,0.989117
5813022925,1192606191,FB,FB,23718,21649,19877,23716,21648,19887,0.979,0.992079
5813022925,1192606191,FB,FB,23673,21672,19828,23642,21703,19828,0.939,0.324903
5813022925,1192606191,FB,FB,24158,21647,19776,24153,21649,19787,0.851,0.973303
5813022925,1192606191,FB,FB,30120,21735,19934,30107,21706,19949,0.965,0.512642
5813022925,1192606191,FB,FB,29970,21662,20100,29987,21687,20088,0.973,0.494839
5813022925,1192606191,FB,FB,30030,21717,19992,30042,21729,19997,0.963,0.995671
5813022925,1192606191,FB,FB,23393,19799,19613,23396,19785,19609,0.907,0.986753
5813022925,1192606191,FB,FB,23371,20974,19844,23374,20969,19857,0.78,0.998
5813022925,1192606191,FB,FB,23066,19926,18857,23059,19933,18861,0.957,0.954764
5813022925,1192606191,FB,FB,30748,21731,21032,30762,21745,21029,0.978,0.963403
5813022925,1192606191,FB,FB,23355,21258,19716,23361,21253,19738,0.912,0.850359
5813022925,1192606191,FB,FB,23529,20810,18571,23498,20807,18569,0.814,0.499736
5813022925,1192606191,FB,FB,23581,21477,19534,23592,21481,19538,0.887,0.988762
5813022925,1192606191,FB,FB,28769,21941,20459,28769,21925,20454,0.903,0.986212
5813022925,1192606191,FB,FB,22624,20497,19712,22611,20471,19716,0.989,0.452735
5813022925,1192606191,FB,FB,31547,20956,18779,31556,20960,18763,0.96,0.981163
5813022925,1192606191,FB,FB,23272,21073,20077,23264,21055,20065,0.875,0.84678
5813022925,1192606191,FB,FB,23783,21839,19713,23798,21836,19709,0.978,0.913472
5813022925,1192606191,FB,FB,23196,21081,19694,23200,21083,19684,0.802,0.983286
5813022925,1192606191,FB,FB,28500,22952,20613,28503,22950,20599,0.933,0.781502
5813022925,1192606191,FB,FB,23356,20119,18656,23348,20105,18653,0.988,0.751181
5813022925,1192606191,FB,FB,30799,21693,21295,30787,21690,21291,0.889,0.871459
5813022925,1192606191,FB,FB,23321,21243,19761,23330,21241,19754,0.664,0.877
5813022925,1257283316,FB,FB,23259,22107,20469,23242,22108,20453,0.776,0.472796
5813022925,1257283316,FB,FB,28964,19724,19604,28969,19727,19618,0.888,0.862398
5813022925,1257283316,FB,FB,22451,21038,20258,22448,21025,20267,0.885,0.707
5813022925,1257283316,FB,FB,23547,22186,20464,23550,22195,20452,0.749,0.722
5813022925,1257283316,FB,FB,29540,21268,20157,29536,21262,20143,0.922,0.958864
5813022925,1257283316,FB,FB,28592,21441,20042,28585,21423,20051,0.934,0.854433
5813022925,1257283316,FB,FB,22588,22707,20828,22590,22691,20827,0.824,0.969
5813022925,1257283316,FB,FB,23719,22460,20558,23720,22435,20562,0.559,0.479218
5813022925,1257283316,FB,FB,22781,22139,20362,22769,22133,20373,0.823,0.598
5813022925,1257283316,FB,FB,27951,22235,19770,27967,22235,19766,0.908,0.822571
5813022925,1257283316,FB,FB,28630,21384,20026,28615,21395,20027,0.948,0.971635
5813022925,1257283316,FB,FB,29051,19812,19610,29085,19817,19603,0.814,0.760788
5813022925,1257283316,FB,FB,29023,19805,19645,29041,19810,19639,0.892,0.981533
5813022925,1257283316,FB,FB,29454,20153,19526,29451,20157,19535,0.944,0.760026
5813022925,1257283316,FB,FB,23663,22557,20710,23647,22570,20708,0.978,0.937518
5813022925,1257283316,FB,FB,28349,20785,18969,28349,20777,18959,0.952,0.76219
5813022925,1257283316,FB,FB,28778,20133,18782,28764,20124,18788,0.883,0.947487
5813022925,1257283316,FB,FB,21113,21376,21238,21110,21388,21240,0.946,0.960683
5813022925,1257283316,FB,FB,21626,22193,19573,21639,22200,19569,0.772,0.899
5813022925,1257283316,FB,FB,21054,21336,21226,21046,21335,21238,0.687,0.816
5813022925,1257283316,FB,FB,29128,19029,19883,29126,19040,19875,0.973,0.807344
5813022925,1257283316,FB,FB,30316,20104,20060,30335,20103,20053,0.949,0.916008
5813022925,1257283316,FB,FB,28801,20314,18606,28817,20309,18584,0.724,0.734
5813022925,1257283316,FB,FB,29205,20451,19401,29208,20475,19397,0.801,0.861
5813022925,1257283316,FB,FB,28476,20575,20095,28483,20584,20088,0.932,0.872292
5813022925,1257283316,FB,FB,29164,20459,19437,29148,20450,19433,0.958,0.907569
5813022925,1257283316,FB,FB,28964,20218,19698,28974,20215,19689,0.971,0.840258
5813022925,1257283316,FB,FB,28741,21429,19557,28744,21450,19543,0.9,0.986
5813022925,1257283316,FB,FB,23435,22302,20269,23443,22299,20260,0.91,0.966044
5813022925,1257283316,FB,FB,22182,21636,20310,22193,21636,20294,0.545,0.393907
5813022925,1257283316,FB,FB,27967,21443,19460,27993,21466,19474,0.93,0.417423
5813022925,1257283316,FB,FB,28956,20547,19816,28937,20552,19831,0.965,0.842718
5813022925,1257283316,FB,FB,28937,20611,19838,28919,20617,19848,0.889,0.97544
5813022925,1257283316,FB,FB,23445,22096,20318,23439,22090,20305,0.991,0.942637
5813022925,1257283316,FB,FB,21132,21163,21398,21126,21175,21406,0.92,0.770524
5813022925,1257283316,FB,FB,22398,20941,20214,22390,20947,20221,0.981,0.658507
5813022925,1257283316,FB,FB,23321,21243,19761,23327,21233,19765,0.664,0.958
5813041180,1129396529,FB,FB,29429,22143,19537,29418,22157,19552,0.945,0.70994
5813041180,1129396529,FB,FB,23887,20633,19373,23894,20610,19375,0.956,0.722793
5813041180,1129396529,FB,FB,22862,18910,19659,22846,18910,19669,0.94,0.994046
5813041180,1129396529,FB,FB,28511,22265,20502,28519,22281,20494,0.819,0.966198
5813041180,1129396529,FB,FB,30281,22160,19657,30283,22153,19666,0.996,0.989798
5813041180,1129396529,FB,FB,31143,20752,20012,31147,20745,20017,0.913,0.768069
5813041180,1129396529,FB,FB,23857,20480,19285,23852,20478,19297,0.981,0.95359
5813041180,1129396529,FB,FB,30332,21848,19730,30311,21843,19708,0.966,0.673779
5813041180,1129396529,FB,FB,29617,22543,20825,29627,22554,20829,0.936,0.776294
5813041180,1129396529,FB,FB,29360,22104,19490,29368,22095,19497,0.754,0.745
5813041180,1384277275,FB,FB,24582,19708,18255,24587,19711,18273,0.903,0.897323
5813041180,1384277275,FB,FB,31199,22151,21378,31219,22143,21386,0.834,0.800805
5813041180,1384277275,FB,FB,25178,21099,18942,25189,21080,18957,0.879,0.309943
5813041180,1384277275,FB,FB,24469,20516,18022,24468,20497,18031,0.937,0.894676
5813041180,1384277275,FB,FB,25463,21159,19154,25468,21121,19153,0.917,0.424757
5813041180,1384277275,FB,FB,30885,21667,21145,30888,21647,21151,0.943,0.970312
5813041180,1384277275,FB,FB,25788,21458,19480,25778,21450,19461,0.957,0.953088
5813041180,1384277275,FB,FB,24213,18969,17406,24200,18974,17410,0.971,0.822613
5813041180,1384277275,FB,FB,24193,18686,17489,24179,18666,17485,0.972,0.855553
5813041180,1384277275,FB,FB,30608,23302,20962,30610,23285,20957,0.991,0.846846
5813041180,1384277275,FB,FB,24860,19225,17927,24851,19225,17947,0.953,0.770807
5813041180,1384277275,FB,FB,24145,18904,17425,24157,18916,17430,0.501,0.414909
5813041180,1384277275,FB,FB,24253,19787,18417,24266,19791,18426,0.856,0.329207
5813041180,1384277275,FB,FB,30780,23161,21510,30768,23163,21517,0.948,0.976671
5813041180,1384277275,FB,FB,26068,20593,19050,26074,20579,19068,0.913,0.830707
5813041180,818796911,FB,FB,20754,21886,21669,20755,21877,21678,0.983,0.923125
5813041180,818796911,FB,FB,22357,21638,20526,22370,21647,20532,0.839,0.851606
5813041180,818796911,FB,FB,20947,23112,21552,20958,23117,21552,0.913,0.96008
5813041180,818796911,FB,FB,21564,21600,20851,21543,21593,20862,0.809,0.396
5813041180,818796911,FB,FB,27361,19843,18607,27346,19827,18600,0.839,0.812903
5813041180,818796911,FB,FB,21576,21758,20920,21577,21739,20910,0.823,0.987655
5813041180,818796911,FB,FB,27889,20908,19436,27874,20896,19434,0.848,0.913113
5813041180,818796911,FB,FB,28318,19022,19102,28323,19031,19110,0.756,0.875
5813041180,818796911,FB,FB,21045,22884,21506,21045,22914,21511,0.907,0.355843
5813041180,818796911,FB,FB,22683,22260,20589,22678,22257,20578,0.885,0.927555
5813041180,818796911,FB,FB,22904,22079,20525,22894,22082,20517,0.839,0.99605
5813041180,818796911,FB,FB,20822,20891,20236,20812,20881,20241,0.825,0.985436
5813041180,818796911,FB,FB,22186,21858,20807,22192,21868,20802,0.684,0.991
5813041180,818796911,FB,FB,27507,21498,18813,27505,21493,18823,0.961,0.961177
5813041180,818796911,FB,FB,20672,23107,21587,20682,23103,21595,0.84,0.847488
5813041180,818796911,FB,FB,21667,21184,20800,21644,21206,20809,0.932,0.713402
5813041180,818796911,FB,FB,28339,20855,18457,28328,20851,18451,0.89,0.794253
5813041180,818796911,FB,FB,21053,22572,21502,21034,22578,21496,0.979,0.96616
5813041180,818796911,FB,FB,27772,21540,19539,27773,21522,19549,0.91,0.852523
5813041180,818796911,FB,FB,20792,21907,21681,20783,21904,21695,0.943,0.874924
5813041180,818796911,FB,FB,27435,21505,18696,27472,21509,18676,0.914,0.625532
5813041180,818796911,FB,FB,22878,22129,20559,22881,22137,20543,0.8,0.304478
5813041180,818796911,FB,FB,20904,20995,20319,20894,20991,20330,0.82,0.974
5813041180,941840616,FB,FB,30959,22948,20388,30963,22938,20389,0.958,0.795019
5813041180,941840616,FB,FB,30397,21965,20710,30393,21951,20704,0.907,0.997
5813041180,941840616,FB,FB,30363,22089,20758,30382,22104,20741,0.804,0.82645
5813041180,941840616,FB,FB,24232,21313,19700,24227,21316,19692,0.905,0.928312
5813041180,941840616,FB,FB,30396,23610,21404,30408,23620,21410,0.921,0.864225
5813041180,941840616,FB,FB,30439,23675,21365,30416,23668,21369,0.908,0.819485
5813041180,941840616,FB,FB,22924,18877,19547,22914,18880,19530,0.943,0.930629
5813041180,941840616,FB,FB,30923,21250,20695,30936,21230,20695,0.869,0.840183
5813041180,941840616,FB,FB,31116,22279,21467,31124,22289,21466,0.97,0.792878
5813041180,941840616,FB,FB,30578,22013,21004,30585,22014,20992,0.963,0.756615
5813041180,941840616,FB,FB,28919,22986,20817,28925,22977,20811,0.948,0.910629
5813041180,941840616,FB,FB,23149,19970,18632,23157,19982,18633,0.798,0.368214
5813041180,941840616,FB,FB,30747,21982,21135,30747,21982,21147,0.916,0.973937
5813041180,941840616,FB,FB,23856,18378,19327,23842,18371,19327,0.915,0.990423
5813041180,941840616,FB,FB,22597,19011,19520,22586,19007,19517,0.975,0.987466
5813041180,941840616,FB,FB,30861,22142,21435,30882,22144,21425,0.959,0.721876
5813041180,941840616,FB,FB,29168,23020,20970,29181,23013,20968,0.917,0.894153
5813041180,941840616,FB,FB,29617,22543,20825,29631,22535,20829,0.936,0.701966
5813041180,941840616,FB,FB,29951,22347,20896,29942,22371,20888,0.955,0.347549
5813041180,941840616,FB,FB,30245,22203,20718,30246,22194,20709,0.952,0.775095
5813041180,941840616,FB,FB,31737,22226,21300,31732,22218,21307,0.99,0.846381
5813041180,941840616,FB,FB,30211,22150,20738,30208,22153,20724,0.965,0.912647
5813041180,941840616,FB,FB,25683,20142,18437,25668,20134,18435,0.832,0.917
5813041180,1100788127,FB,FB,30905,23935,21551,30914,23937,21559,0.995,0.908402
5813041180,1100788127,FB,FB,25722,18294,16826,25720,18293,16837,0.681,0.769
5813041180,1100788127,FB,FB,30961,24123,22363,30949,24113,22354,0.973,0.62981
5813041180,1100788127,FB,FB,26138,21297,18892,26125,21293,18895,0.986,0.911164
5813041180,1100788127,FB,FB,25178,21099,18942,25177,21099,18957,0.879,0.945407
5813041180,1100788127,FB,FB,31819,23277,22160,31822,23259,22139,0.957,0.400895
5813041180,1100788127,FB,FB,31196,23421,21586,31198,23428,21596,0.731,0.723
5813041180,1100788127,FB,FB,30439,23675,21365,30437,23673,21385,0.908,0.901902
5813041180,1100788127,FB,FB,30396,23610,21404,30385,23621,21406,0.921,0.686556
5813041180,1100788127,FB,FB,25629,19823,18101,25625,19807,18103,0.839,0.994381
5813041180,1100788127,FB,FB,30382,24274,22035,30397,24264,22046,0.975,0.855201
5813041180,1100788127,FB,FB,26189,20048,18304,26196,20040,18314,0.961,0.971143
5813041180,1100788127,FB,FB,24213,18969,17406,24215,18984,17398,0.971,0.866321
5813041180,1100788127,FB,FB,31030,24331,22413,31037,24334,22409,0.901,0.756539
5813041180,1100788127,FB,FB,31302,22644,21143,31291,22641,21146,0.864,0.921211
5813041180,1100788127,FB,FB,29140,23744,21605,29151,23738,21610,0.988,0.915153
5813041180,1100788127,FB,FB,25469,18566,16426,25477,18557,16414,0.708,0.873
5813041180,1100788127,FB,FB,25644,19765,18074,25638,19782,18078,0.927,0.62663
5813041180,1100788127,FB,FB,25593,18533,16123,25572,18539,16128,0.585,0.441054
5813041180,1100788127,FB,FB,25509,20055,18301,25502,20053,18289,0.941,0.959856
5813041180,1100788127,FB,FB,25580,20102,18434,25589,20115,18435,0.873,0.932337
5813041180,1100788127,FB,FB,25307,19203,17790,25313,19177,17778,0.604,0.375
5813041180,1446234552,FB,FB,20971,22865,21757,20965,22878,21755,0.97,0.80815
5813041180,1446234552,FB,FB,28509,20794,18387,28527,20786,18382,0.889,0.938074
5813041180,1446234552,FB,FB,27821,18979,18651,27818,18992,18655,0.923,0.9689
5813041180,1446234552,FB,FB,20766,23229,21672,20776,23226,21667,0.95,0.918263
5813041180,1446234552,FB,FB,22865,23201,21175,22858,23203,21186,0.982,0.997041
5813041180,1446234552,FB,FB,27053,21152,18433,27053,21156,18418,0.587,0.359754
5813041180,1446234552,FB,FB,27197,20951,19650,27217,20953,19657,0.727,0.992
5813041180,1446234552,FB,FB,21210,23413,21393,21232,23410,21387,0.845,0.909
5813041180,1446234552,FB,FB,26684,20868,18596,26685,20859,18601,0.684,0.944
5813041180,1446234552,FB,FB,26953,20959,18512,26968,20952,18511,0.983,0.919303
5813041180,1446234552,FB,FB,20672,23107,21587,20674,23113,21609,0.84,0.680086
5813041180,1446234552,FB,FB,22381,24358,21694,22378,24351,21684,0.876,0.806615
5813041180,1446234552,FB,FB,21989,23948,21250,21989,23933,21270,0.932,0.873964
5813041180,1446234552,FB,FB,20906,23037,21871,20914,23045,21863,0.946,0.92802
5813041180,1446234552,FB,FB,20824,24118,21885,20824,24111,21873,0.656,0.773
5813041180,1446234552,FB,FB,21053,22572,21502,21053,22570,21488,0.979,0.916916
5813041180,1446234552,FB,FB,20792,21907,21681,20796,21905,21695,0.943,0.962859
5813041180,1446234552,FB,FB,20440,22611,22264,20438,22605,22244,0.878,0.985823
5813041180,1446234552,FB,FB,20059,22690,22432,20062,22677,22430,0.585,0.43076
5813041180,1100797044,FB,FB,20971,22865,21757,20957,22861,21755,0.97,0.92854
5813041180,1100797044,FB,FB,20142,22455,22305,20152,22461,22306,0.957,0.915222
5813041180,1100797044,FB,FB,21035,25017,22050,21036,25003,22036,0.877,0.913043
5813041180,1100797044,FB,FB,25722,18294,16826,25717,18311,16821,0.681,0.851
5813041180,1100797044,FB,FB,21098,23918,21973,21095,23924,21967,0.942,0.932672
5813041180,1100797044,FB,FB,20323,22818,22232,20334,22806,22236,0.768,0.702
5813041180,1100797044,FB,FB,20947,23112,21552,20947,23119,21562,0.913,0.886685
5813041180,1100797044,FB,FB,20893,24807,22396,20915,24803,22391,0.899,0.892069
5813041180,1100797044,FB,FB,21843,23821,21206,21817,23815,21196,0.964,0.36289
5813041180,1100797044,FB,FB,20723,24663,22449,20723,24666,22464,0.964,0.89316
5813041180,1100797044,FB,FB,20766,23229,21672,20764,23218,21667,0.95,0.998638
5813041180,1100797044,FB,FB,27103,18770,16043,27103,18772,16029,0.964,0.909408
5813041180,1100797044,FB,FB,21865,23690,21195,21857,23680,21187,0.964,0.912785
5813041180,1100797044,FB,FB,21045,22884,21506,21027,22878,21496,0.907,0.905056
5813041180,1100797044,FB,FB,19874,23712,22736,19885,23714,22727,0.902,0.904627
5813041180,1100797044,FB,FB,20201,24102,22486,20233,24090,22526,0.805,0.708
5813041180,1100797044,FB,FB,25629,19823,18101,25620,19840,18103,0.839,0.994979
5813041180,1100797044,FB,FB,25593,18533,16123,25587,18522,16113,0.585,0.308605
5813041180,1100797044,FB,FB,20291,22771,21828,20292,22758,21824,0.961,0.98487
5813041180,1100797044,FB,FB,26239,20031,18375,26227,20021,18367,0.828,0.999
5813041180,1100797044,FB,FB,20587,22627,22321,20603,22602,22330,0.952,0.792844
5813041180,1100797044,FB,FB,21081,25075,22121,21096,25089,22132,0.523,0.412515
5813041180,1100797044,FB,FB,22357,24385,21751,22360,24385,21769,0.947,0.964656
5813041180,1100797044,FB,FB,19864,23592,22725,19873,23594,22741,0.864,0.956953
5813041180,1100797044,FB,FB,20906,23037,21871,20918,23030,21863,0.946,0.986009
5813041180,1100797044,FB,FB,20672,23107,21587,20683,23119,21595,0.84,0.989519
5813041180,1100797044,FB,FB,20824,24118,21885,20816,24120,21866,0.656,0.961
5813041180,1100797044,FB,FB,20455,23020,21616,20451,23033,21607,0.904,0.996032
5813041180,1100797044,FB,FB,26964,19954,18362,26960,19963,18358,0.962,0.983786
5813041180,1100797044,FB,FB,20201,22608,22581,20200,22611,22554,0.811,0.999474
5813041180,1100797044,FB,FB,26818,19862,18492,26828,19871,18483,0.96,0.802067
5813041180,1100797044,FB,FB,21735,23613,21011,21752,23605,21010,0.936,0.944453
5813041180,1100797044,FB,FB,20555,23059,21509,20551,23068,21508,0.98,0.898125
5813041180,1100797044,FB,FB,20090,24140,22394,20087,24153,22396,0.896,0.885868
5813041180,1100797044,FB,FB,25580,20102,18434,25600,20108,18435,0.873,0.653794
5813041180,1100797044,FB,FB,25683,20142,18437,25673,20151,18435,0.832,0.986
5813041180,1100797044,FB,FB,20059,22690,22432,20047,22676,22430,0.585,0.477984
5813041180,1100797044,FB,FB,25605,18492,16211,25617,18494,16207,0.829,0.924
5813041180,1100797044,FB,FB,25529,18425,16740,25539,18440,16739,0.831,0.912
5813041180,1192606191,FB,FB,23669,18529,19072,23672,18516,19066,0.963,0.741839
5813041180,1192606191,FB,FB,28888,22679,20658,28900,22681,20670,0.876,0.791824
5813041180,1192606191,FB,FB,22298,20136,19791,22303,20141,19803,0.764,0.986
5813041180,1192606191,FB,FB,29543,22709,20901,29525,22700,20899,0.89,0.807693
5813041180,1192606191,FB,FB,23992,21295,19558,23978,21299,19561,0.695,0.989
5813041180,1192606191,FB,FB,23102,19378,19578,23085,19390,19574,0.992,0.835989
5813041180,1192606191,FB,FB,24232,21313,19700,24243,21318,19692,0.905,0.690426
5813041180,1192606191,FB,FB,22924,18877,19547,22928,18887,19544,0.943,0.976673
5813041180,1192606191,FB,FB,28836,22498,20320,28841,22503,20303,0.661,0.972
5813041180,1192606191,FB,FB,23857,20480,19285,23880,20480,19288,0.981,0.812591
5813041180,1192606191,FB,FB,29360,22104,19490,29355,22082,19470,0.754,0.649
5813041180,1192606191,FB,FB,28476,21949,19814,28485,21937,19805,0.808,0.993
5813041180,1192606191,FB,FB,30138,21630,19937,30155,21636,19937,0.902,0.99581
5813041180,1192606191,FB,FB,23438,18915,19000,23429,18906,19000,0.965,0.914454
5813041180,1192606191,FB,FB,22946,20233,19774,22958,20235,19762,0.854,0.776588
5813041180,1132150724,FB,FB,25178,21099,18942,25171,21080,18935,0.879,0.918237
5813041180,1132150724,FB,FB,24582,19708,18255,24582,19719,18250,0.903,0.923885
5813041180,1132150724,FB,FB,30993,23263,21462,30991,23263,21448,0.936,0.963556
5813041180,1132150724,FB,FB,31040,23264,21370,31039,23274,21376,0.963,0.927859
5813041180,1132150724,FB,FB,30397,21965,20710,30409,21957,20717,0.907,0.896151
5813041180,1132150724,FB,FB,30923,21250,20695,30908,21250,20695,0.869,0.83646
5813041180,1132150724,FB,FB,24472,20190,18206,24479,20187,18196,0.924,0.715697
5813041180,1132150724,FB,FB,24193,18686,17489,24190,18688,17498,0.972,0.92477
5813041180,1132150724,FB,FB,24580,19902,18206,24582,19913,18211,0.942,0.956429
5813041180,1132150724,FB,FB,24145,18904,17425,24135,18915,17430,0.501,0.465636
5813041180,1132150724,FB,FB,23276,19566,18839,23282,19558,18838,0.803,0.9775
5813041180,1132150724,FB,FB,30578,22013,21004,30598,21986,21008,0.963,0.910187
5813041180,1132150724,FB,FB,30211,22150,20738,30218,22160,20733,0.965,0.908841
5813041180,1132150724,FB,FB,23438,18915,19000,23438,18908,18988,0.965,0.988939
5813041180,1132150724,FB,FB,31082,21088,20828,31068,21099,20829,0.98,0.78297
5813041180,1067331159,FB,FB,23887,20633,19373,23870,20626,19375,0.956,0.847455
5813041180,1067331159,FB,FB,23913,20663,19353,23896,20659,19337,0.961,0.838813
5813041180,1067331159,FB,FB,30338,22201,19596,30336,22206,19585,0.972,0.980354
5813041180,1067331159,FB,FB,28946,22707,20584,28945,22708,20554,0.919,0.456517
5813041180,1067331159,FB,FB,21621,20028,20243,21634,20028,20252,0.995,0.995597
5813041180,1067331159,FB,FB,28836,22498,20320,28846,22509,20316,0.661,0.821
5813041180,1067331159,FB,FB,30181,20927,20278,30170,20920,20274,0.869,0.757141
5813041180,1067331159,FB,FB,28772,21592,19833,28778,21600,19809,0.962,0.300822
5813041180,1067331159,FB,FB,23276,19566,18839,23284,19558,18854,0.803,0.899742
5813041180,1067331159,FB,FB,21696,19961,20226,21693,19953,20234,0.807,0.97
5813041180,1067331159,FB,FB,30332,21848,19730,30333,21861,19722,0.966,0.871748
5813041180,1067331159,FB,FB,29951,22347,20896,29951,22335,20882,0.955,0.995824
5813041180,1067331159,FB,FB,28450,22300,19814,28439,22282,19802,0.866,0.70902
5813041180,1067331159,FB,FB,22744,18895,19428,22751,18888,19415,0.954,0.989628
5813041180,1067331159,FB,FB,28805,22396,20351,28809,22383,20350,0.971,0.762096
5813041180,1067331159,FB,FB,22988,21857,20484,23009,21818,20458,0.823,0.906
5813041180,1257283316,FB,FB,27771,21389,18514,27777,21415,18510,0.897,0.799203
5813041180,1257283316,FB,FB,21979,20696,20352,21971,20698,20337,0.934,0.889187
5813041180,1257283316,FB,FB,22113,21859,20688,22117,21869,20691,0.738,0.814
5813041180,1257283316,FB,FB,22333,21373,20468,22349,21365,20474,0.621,0.892
5813041180,1257283316,FB,FB,22316,21498,20164,22311,21489,20155,0.83,0.893486
5813041180,1257283316,FB,FB,21564,21600,20851,21582,21605,20862,0.809,0.554
5813041180,1257283316,FB,FB,21576,21758,20920,21589,21747,20908,0.823,0.891285
5813041180,1257283316,FB,FB,22535,21822,20274,22522,21803,20281,0.97,0.873296
5813041180,1257283316,FB,FB,29052,20021,19580,29054,20028,19596,0.911,0.851511
5813041180,1257283316,FB,FB,22635,21874,19558,22636,21867,19571,0.806,0.956
5813041180,1257283316,FB,FB,29386,20494,19890,29391,20480,19882,0.778,0.927
5813041180,1257283316,FB,FB,29422,20549,19804,29434,20542,19792,0.945,0.950235
5813041180,1257283316,FB,FB,29263,20089,19531,29259,20062,19530,0.958,0.872117
5813041180,1257283316,FB,FB,28772,21592,19833,28763,21598,19809,0.962,0.718542
5813041180,1257283316,FB,FB,29311,20823,20026,29321,20818,20034,0.954,0.831519
5813041180,1257283316,FB,FB,21696,19961,20226,21705,19947,20234,0.807,0.716
5813041180,1257283316,FB,FB,29282,19878,19542,29275,19870,19553,0.921,0.847266
5813041180,1257283316,FB,FB,28450,22300,19814,28469,22311,19821,0.866,0.856231
5813041180,1257283316,FB,FB,22878,22129,20559,22886,22132,20567,0.8,0.950756
5813041180,1257283316,FB,FB,28387,22231,20477,28376,22209,20465,0.933,0.434726
5813041180,1257283316,FB,FB,22451,21857,20302,22455,21845,20293,0.533,0.499872
5813041180,1257283316,FB,FB,29276,20801,19764,29273,20814,19766,0.948,0.879852
5813041180,1257283316,FB,FB,29312,20824,19859,29296,20834,19864,0.882,0.947052
5813041180,1257283316,FB,FB,29206,20805,19848,29200,20817,19855,0.53,0.37284
5813041180,1257283316,FB,FB,22661,21771,19403,22653,21762,19397,0.984,0.949922
5813041180,1257283316,FB,FB,28948,20475,19078,28932,20478,19074,0.93,0.955817
5813041180,1257283316,FB,FB,28350,22837,20413,28352,22833,20422,0.937,0.995793
5813041180,850182049,FB,FB,22285,20107,19824,22282,20114,19814,0.92,0.711789
5813041180,850182049,FB,FB,29429,22143,19537,29415,22147,19539,0.945,0.993851
5813041180,850182049,FB,FB,22288,20087,19742,22278,20091,19738,0.838,0.734556
5813041180,850182049,FB,FB,28888,22679,20658,28884,22691,20660,0.876,0.628596
5813041180,850182049,FB,FB,23430,21660,18996,23439,21645,18989,0.675,0.627
5813041180,850182049,FB,FB,22899,20211,19554,22908,20225,19550,0.501,0.400722
5813041180,850182049,FB,FB,28511,22265,20502,28528,22265,20467,0.819,0.485161
5813041180,850182049,FB,FB,28415,22862,20189,28420,22851,20184,0.969,0.87581
5813041180,850182049,FB,FB,22311,18983,19547,22307,18980,19532,0.969,0.975325
5813041180,850182049,FB,FB,23472,19469,18907,23458,19476,18892,0.97,0.351446
5813041180,850182049,FB,FB,22887,19750,19488,22881,19761,19489,0.894,0.999315
5813041180,850182049,FB,FB,23581,19734,18636,23587,19728,18642,0.881,0.791069
5813041180,850182049,FB,FB,31317,20697,19665,31311,20706,19655,0.975,0.841595
5813041180,850182049,FB,FB,28805,22396,20351,28808,22388,20338,0.971,0.905345
5813041180,850182049,FB,FB,28340,22378,19832,28335,22374,19861,0.859,0.794185
5813041180,5813048182,FB,FB,30608,24277,22152,30600,24287,22152,0.794,0.494533
5813041180,5813048182,FB,FB,30995,24032,22169,30984,24047,22169,0.963,0.710275
5813041180,5813048182,FB,FB,31931,24183,22433,31920,24181,22429,0.916,0.999586
5813041180,5813048182,FB,FB,24913,19297,17898,24912,19311,17891,0.902,0.950123
5813041180,5813048182,FB,FB,29649,23884,21516,29656,23871,21505,0.974,0.990683
5813041180,5813048182,FB,FB,30993,23263,21462,31000,23276,21459,0.936,0.764576
5813041180,5813048182,FB,FB,31040,23264,21370,31051,23268,21353,0.963,0.619407
5813041180,5813048182,FB,FB,31089,24001,22155,31095,24005,22146,0.927,0.935245
5813041180,5813048182,FB,FB,32084,24345,22638,32081,24333,22656,0.937,0.917317
5813041180,5813048182,FB,FB,31706,24431,22609,31698,24436,22613,0.994,0.859278
5813041180,5813048182,FB,FB,31196,23421,21586,31207,23430,21585,0.731,0.918
5813041180,5813048182,FB,FB,25762,21244,19341,25752,21251,19332,0.983,0.994859
5813041180,5813048182,FB,FB,31512,24353,22424,31480,24366,22433,0.955,0.438893
5813041180,5813048182,FB,FB,24580,19902,18206,24587,19910,18196,0.942,0.973622
5813041180,5813048182,FB,FB,24860,19225,17927,24852,19222,17921,0.953,0.9638
5813041180,5813048182,FB,FB,30856,23938,21511,30868,23946,21504,0.982,0.775494
5813041180,5813048182,FB,FB,30396,23610,21404,30393,23601,21416,0.921,0.867991
5813041180,5813048182,FB,FB,30382,24274,22035,30387,24289,22061,0.975,0.733589
5813041180,5813048182,FB,FB,25883,20887,19169,25864,20875,19170,0.973,0.939325
5813041180,5813048182,FB,FB,25509,20055,18301,25515,20067,18278,0.941,0.706991
5813041180,5813048182,FB,FB,31044,24081,21766,31052,24071,21777,0.828,0.494337
5813041180,5813048182,FB,FB,24547,18665,16998,24562,18673,16999,0.937,0.9739
5813041180,5813048182,FB,FB,31819,23277,22160,31819,23288,22152,0.957,0.970575
5813041180,5813048182,FB,FB,25536,20068,18278,25519,20064,18277,0.964,0.919134
5813041180,664978073,FB,FB,28509,20794,18387,28512,20807,18382,0.889,0.983225
5813041180,664978073,FB,FB,28187,20551,19341,28207,20565,19324,0.974,0.777198
5813041180,664978073,FB,FB,22316,21498,20164,22304,21502,20162,0.83,0.979582
5813041180,664978073,FB,FB,29052,20021,19580,29043,20022,19583,0.911,0.975171
5813041180,664978073,FB,FB,22635,21874,19558,22623,21864,19557,0.806,0.939
5813041180,664978073,FB,FB,21503,21788,20384,21509,21804,20377,0.841,0.807
5813041180,664978073,FB,FB,21717,20929,20631,21721,20944,20638,0.965,0.802085
5813041180,664978073,FB,FB,23031,22509,20724,23046,22509,20727,0.799,0.657
5813041180,664978073,FB,FB,21699,20937,20667,21713,20943,20662,0.98,0.791923
5813041180,664978073,FB,FB,29386,20494,19890,29359,20513,19892,0.778,0.649
5813041180,664978073,FB,FB,21513,20119,20094,21493,20111,20079,0.988,0.941703
5813041180,664978073,FB,FB,28125,20646,19964,28140,20656,19957,0.94,0.621725
5813041180,664978073,FB,FB,22148,20984,20280,22136,20975,20282,0.959,0.936907
5813041180,664978073,FB,FB,21621,20028,20243,21615,20028,20252,0.995,0.997099
5813041180,664978073,FB,FB,22643,21856,20405,22655,21845,20408,0.849,0.79
5813041180,664978073,FB,FB,29263,20089,19531,29281,20097,19530,0.958,0.97157
5813041180,664978073,FB,FB,29282,19878,19542,29285,19908,19546,0.921,0.658006
5813041180,664978073,FB,FB,29226,19518,19590,29238,19502,19586,0.862,0.851
5813041180,664978073,FB,FB,22451,21857,20302,22434,21860,20293,0.533,0.498293
5813041180,664978073,FB,FB,28401,21764,19835,28380,21747,19844,0.907,0.809602
5813041180,664978073,FB,FB,21578,21005,20671,21569,21010,20667,0.615,0.809
5813041180,786994048,FB,FB,29042,20026,19504,29042,20036,19518,0.809,0.484791
5813041180,786994048,FB,FB,28187,20551,19341,28187,20551,19324,0.974,0.724385
5813041180,786994048,FB,FB,28889,20354,18141,28876,20361,18140,0.935,0.726877
5813041180,786994048,FB,FB,22584,21916,20254,22566,21914,20262,0.669,0.928
5813041180,786994048,FB,FB,22113,21859,20688,22125,21870,20670,0.738,0.858
5813041180,786994048,FB,FB,22937,20173,19786,22915,20168,19778,0.978,0.853237
5813041180,786994048,FB,FB,28161,21169,18467,28166,21183,18459,0.783,0.956
5813041180,786994048,FB,FB,22357,21518,20242,22359,21530,20251,0.935,0.823603
5813041180,786994048,FB,FB,28509,20794,18387,28516,20793,18373,0.889,0.808585
5813041180,786994048,FB,FB,28244,21093,18479,28249,21114,18470,0.947,0.829208
5813041180,786994048,FB,FB,22535,21822,20274,22533,21810,20264,0.97,0.993351
5813041180,786994048,FB,FB,29052,20021,19580,29044,20044,19560,0.911,0.70043
5813041180,786994048,FB,FB,28437,22189,19768,28428,22194,19761,0.871,0.882264
5813041180,786994048,FB,FB,22148,20984,20280,22134,20984,20265,0.959,0.953465
5813041180,786994048,FB,FB,21621,20028,20243,21628,20009,20248,0.995,0.981166
5813041180,786994048,FB,FB,22311,18983,19547,22325,18974,19532,0.969,0.983174
5813041180,786994048,FB,FB,22532,22133,20400,22531,22140,20387,0.979,0.993582
5813041180,786994048,FB,FB,29282,19878,19542,29277,19884,19546,0.921,0.648647
5813041180,786994048,FB,FB,28706,22220,19414,28698,22231,19416,0.961,0.755024
5813041180,786994048,FB,FB,29360,22104,19490,29351,22093,19497,0.754,0.856
5813041180,786994048,FB,FB,29276,20801,19764,29282,20807,19755,0.948,0.980116
5813041180,786994048,FB,FB,22946,20233,19774,22929,20242,19762,0.854,0.890374
5813041180,786994048,FB,FB,21801,20189,20321,21809,20195,20313,0.97,0.690519
5813041180,1159403919,FB,FB,27613,21437,18714,27616,21457,18711,0.666,0.79
5813041180,1159403919,FB,FB,29042,20026,19504,29021,20022,19502,0.809,0.478779
5813041180,1159403919,FB,FB,22113,21859,20688,22136,21849,20691,0.738,0.377
5813041180,1159403919,FB,FB,21628,20906,20692,21636,20899,20702,0.965,0.695741
5813041180,1159403919,FB,FB,28160,20620,19989,28165,20620,19978,0.965,0.87498
5813041180,1159403919,FB,FB,29052,20021,19580,29052,20033,19583,0.911,0.929804
5813041180,1159403919,FB,FB,22532,22133,20400,22543,22134,20387,0.979,0.952415
5813041180,1159403919,FB,FB,22635,21874,19558,22625,21853,19538,0.806,0.77
5813041180,1159403919,FB,FB,27889,20908,19436,27893,20909,19450,0.848,0.895768
5813041180,1159403919,FB,FB,29386,20494,19890,29377,20485,19882,0.778,0.874
5813041180,1159403919,FB,FB,28125,20646,19964,28132,20654,19975,0.94,0.934527
5813041180,1159403919,FB,FB,22904,22079,20525,22908,22084,20512,0.839,0.970257
5813041180,1159403919,FB,FB,22186,21858,20807,22186,21859,20792,0.684,0.897
5813041180,1159403919,FB,FB,29422,20549,19804,29419,20543,19792,0.945,0.722891
5813041180,1159403919,FB,FB,27882,20869,19363,27870,20865,19362,0.916,0.90327
5813041180,1159403919,FB,FB,28450,22300,19814,28450,22303,19802,0.866,0.856297
5813041180,1159403919,FB,FB,27772,21540,19539,27787,21545,19549,0.91,0.965846
5813041180,1159403919,FB,FB,29085,21205,20053,29081,21206,20042,0.963,0.71567
5813041180,1159403919,FB,FB,29206,20805,19848,29215,20814,19855,0.53,0.402846
5813041180,1159403919,FB,FB,29312,20824,19859,29289,20833,19846,0.882,0.51489
5813041180,1159403919,FB,FB,22661,21771,19403,22652,21766,19413,0.984,0.996085
5813041180,1159403919,FB,FB,22988,21857,20484,22978,21857,20477,0.823,0.886
5813041180,1159403919,FB,FB,21578,21005,20671,21573,21006,20680,0.615,0.991
5813041180,1159403919,FB,FB,21801,20189,20321,21829,20164,20326,0.97,0.839285
5813041180,1413813658,FB,FB,21539,23829,21598,21532,23828,21608,0.789,0.986
5813041180,1413813658,FB,FB,21035,25017,22050,21040,25003,22050,0.877,0.90133
5813041180,1413813658,FB,FB,26619,18569,16916,26605,18584,16927,0.948,0.868173
5813041180,1413813658,FB,FB,20766,23229,21672,20772,23201,21667,0.95,0.778421
5813041180,1413813658,FB,FB,20723,24663,22449,20734,24670,22457,0.964,0.809975
5813041180,1413813658,FB,FB,20323,22818,22232,20323,22813,22260,0.768,0.804
5813041180,1413813658,FB,FB,21291,23784,21944,21277,23790,21939,0.861,0.982
5813041180,1413813658,FB,FB,20595,21723,21622,20589,21736,21625,0.707,0.98
5813041180,1413813658,FB,FB,26138,21297,18892,26124,21295,18879,0.986,0.87995
5813041180,1413813658,FB,FB,25722,18294,16826,25702,18301,16821,0.681,0.89
5813041180,1413813658,FB,FB,19874,23712,22736,19874,23724,22727,0.902,0.974113
5813041180,1413813658,FB,FB,21210,23413,21393,21211,23437,21387,0.845,0.741
5813041180,1413813658,FB,FB,19864,23592,22725,19876,23580,22735,0.864,0.850513
5813041180,1413813658,FB,FB,27346,19463,18674,27362,19458,18675,0.949,0.967835
5813041180,1413813658,FB,FB,27727,19216,18017,27706,19182,18012,0.943,0.611931
5813041180,1413813658,FB,FB,25762,18174,16904,25777,18169,16904,0.681,0.801
5813041180,1413813658,FB,FB,20090,24140,22394,20090,24149,22408,0.896,0.988894
5813041180,1413813658,FB,FB,20201,22608,22581,20203,22625,22569,0.811,0.923492
5813041180,1413813658,FB,FB,19805,23500,22642,19824,23500,22641,0.721,0.351
5813041180,1413813658,FB,FB,25644,19765,18074,25627,19782,18069,0.927,0.746178
5813041180,1413813658,FB,FB,20992,25091,22024,20986,25107,22026,0.723,0.962
5813041180,1413813658,FB,FB,20291,22771,21828,20303,22747,21824,0.961,0.842374
5813041180,1413813658,FB,FB,20059,22690,22432,20072,22688,22438,0.585,0.467613
5813041180,1413813658,FB,FB,19640,24018,22437,19654,24016,22430,0.943,0.973107
5813041180,1413813658,FB,FB,26600,19606,18196,26596,19619,18203,0.977,0.846253
5813041180,1413813658,FB,FB,26269,21411,19141,26272,21424,19135,0.756,0.991
5813041180,755950242,FB,FB,22285,20107,19824,22292,20115,19823,0.92,0.904067
5813041180,755950242,FB,FB,21979,20696,20352,21990,20683,20346,0.934,0.803792
5813041180,755950242,FB,FB,22641,21903,20252,22642,21896,20237,0.942,0.99866
5813041180,755950242,FB,FB,27687,21646,19386,27671,21655,19377,0.616,0.882
5813041180,755950242,FB,FB,28690,21695,19590,28672,21695,19602,0.758,0.727
5813041180,755950242,FB,FB,21628,20906,20692,21651,20899,20694,0.965,0.835352
5813041180,755950242,FB,FB,27580,21642,19379,27586,21646,19386,0.923,0.77747
5813041180,755950242,FB,FB,22974,22573,20882,22963,22563,20874,0.987,0.982363
5813041180,755950242,FB,FB,28160,20620,19989,28169,20626,19988,0.965,0.981303
5813041180,755950242,FB,FB,27889,20908,19436,27896,20888,19450,0.848,0.813995
5813041180,755950242,FB,FB,23031,22509,20724,23033,22495,20727,0.799,0.961
5813041180,755950242,FB,FB,21699,20937,20667,21696,20925,20681,0.98,0.749819
5813041180,755950242,FB,FB,21717,20929,20631,21733,20935,20638,0.965,0.986185
5813041180,755950242,FB,FB,28318,19022,19102,28327,19017,19106,0.756,0.914
5813041180,755950242,FB,FB,27782,21527,19443,27794,21518,19443,0.504,0.389359
5813041180,755950242,FB,FB,22863,22117,20095,22850,22115,20103,0.904,0.96796
5813041180,755950242,FB,FB,23299,22878,20900,23292,22879,20893,0.954,0.999027
5813041180,755950242,FB,FB,21898,22024,20588,21899,22033,20578,0.982,0.916753
5813041180,755950242,FB,FB,22643,21856,20405,22657,21861,20408,0.849,0.972
5813041180,755950242,FB,FB,29226,19518,19590,29225,19508,19575,0.862,0.899
5813041180,755950242,FB,FB,27133,21235,19490,27130,21215,19489,0.95,0.849168
5813041180,755950242,FB,FB,27882,20869,19363,27884,20857,19362,0.916,0.916258
5813041180,755950242,FB,FB,27772,21540,19539,27776,21529,19528,0.91,0.617211
5813041180,755950242,FB,FB,22948,22510,20766,22937,22504,20780,0.705,0.922
5813041180,755950242,FB,FB,22904,22079,20525,22904,22066,20512,0.839,0.954207
5813041180,755950242,FB,FB,28948,20475,19078,28934,20490,19088,0.93,0.973352
5813041180,846991524,FB,FB,27613,21437,18714,27599,21442,18736,0.666,0.757
5813041180,846991524,FB,FB,20142,22455,22305,20143,22470,22319,0.957,0.989007
5813041180,846991524,FB,FB,20754,21886,21669,20757,21896,21678,0.983,0.8556
5813041180,846991524,FB,FB,26701,19745,18431,26700,19745,18415,0.985,0.852629
5813041180,846991524,FB,FB,27821,18979,18651,27828,18993,18646,0.923,0.617627
5813041180,846991524,FB,FB,28043,20368,18611,28048,20380,18615,0.956,0.974334
5813041180,846991524,FB,FB,27361,19843,18607,27357,19848,18615,0.839,0.999289
5813041180,846991524,FB,FB,21564,21600,20851,21577,21614,20839,0.809,0.446
5813041180,846991524,FB,FB,27053,21152,18433,27065,21148,18418,0.587,0.358592
5813041180,846991524,FB,FB,27724,21970,18566,27719,21969,18583,0.509,0.44765
5813041180,846991524,FB,FB,27889,20908,19436,27870,20918,19434,0.848,0.931176
5813041180,846991524,FB,FB,26270,20061,18342,26276,20059,18329,0.616,0.98
5813041180,846991524,FB,FB,27049,21690,19875,27071,21702,19885,0.895,0.684
5813041180,846991524,FB,FB,27382,21378,19422,27368,21363,19423,0.82,0.957162
5813041180,846991524,FB,FB,26684,20868,18596,26679,20866,18577,0.684,0.847
5813041180,846991524,FB,FB,20822,20891,20236,20814,20900,20241,0.825,0.978986
5813041180,846991524,FB,FB,27507,21498,18813,27522,21504,18818,0.961,0.777121
5813041180,846991524,FB,FB,27670,19292,18598,27685,19284,18583,0.816,0.966
5813041180,846991524,FB,FB,27272,21411,19460,27260,21411,19476,0.922,0.942096
5813041180,846991524,FB,FB,20953,22853,21573,20947,22884,21572,0.97,0.45839903
5813041180,846991524,FB,FB,20587,22627,22321,20599,22636,22319,0.952,0.971145
5813041180,846991524,FB,FB,21053,22572,21502,21046,22555,21496,0.979,0.963539
5813041180,846991524,FB,FB,27882,20869,19363,27868,20883,19349,0.916,0.808256
5813041180,846991524,FB,FB,26269,21411,19141,26284,21415,19148,0.756,0.832
5813041180,846991524,FB,FB,20792,21907,21681,20770,21907,21681,0.943,0.719157
5813041180,846991524,FB,FB,27133,21235,19490,27120,21239,19489,0.95,0.926443
5813041180,846991524,FB,FB,26964,19954,18362,26959,19963,18378,0.962,0.89658
